{
  "ambient.weather.thunder": {
    "category": "weather",
    "min_distance": 100.0,
    "sounds": [
      "ambient/weather/thunder1",
      "ambient/weather/thunder2",
      "ambient/weather/thunder3"
    ]
  },
  "ambient.weather.rain": {
    "category": "weather",
    "min_distance": 100.0,
    "sounds": [
      "ambient/weather/rain1",
      "ambient/weather/rain2",
      "ambient/weather/rain3",
      "ambient/weather/rain4"
    ]
  },
  "block.itemframe.add_item": {
    "category": "block",
    "sounds": [
      "block/itemframe/add_item1",
      "block/itemframe/add_item2",
      "block/itemframe/add_item3",
      "block/itemframe/add_item4"
    ]
  },
  "block.itemframe.break": {
    "category": "block",
    "sounds": [
      "block/itemframe/break1",
      "block/itemframe/break2",
      "block/itemframe/break3"
    ]
  },
  "block.itemframe.place": {
    "category": "block",
    "sounds": [
      "block/itemframe/place1",
      "block/itemframe/place2",
      "block/itemframe/place3",
      "block/itemframe/place4"
    ]
  },
  "block.itemframe.remove_item": {
    "category": "block",
    "sounds": [
      "block/itemframe/remove_item1",
      "block/itemframe/remove_item2",
      "block/itemframe/remove_item3",
      "block/itemframe/remove_item4"
    ]
  },
  "block.itemframe.rotate_item": {
    "category": "block",
    "sounds": [
      "block/itemframe/rotate_item1",
      "block/itemframe/rotate_item2",
      "block/itemframe/rotate_item3",
      "block/itemframe/rotate_item4"
    ]
  },
  "cauldron.explode": {
    "category": "block",
    "sounds": [
      {
        "name": "random/explode1",
        "volume": 0.3
      },
      {
        "name": "random/explode2",
        "volume": 0.3
      },
      {
        "name": "random/explode3",
        "volume": 0.3
      },
      {
        "name": "random/explode4",
        "volume": 0.3
      }
    ]
  },
  "cauldron.dyearmor": {
    "category": "block",
    "sounds": [
      {
        "name": "random/splash",
        "volume": 0.1
      }
    ]
  },
  "cauldron.cleanarmor": {
    "category": "block",
    "sounds": [
      {
        "name": "random/splash",
        "volume": 0.1
      }
    ]
  },
  "cauldron.fillpotion": {
    "category": "block",
    "sounds": [
      {
        "name": "random/splash",
        "volume": 0.1
      }
    ]
  },
  "cauldron.takepotion": {
    "category": "block",
    "sounds": [
      {
        "name": "random/splash",
        "volume": 0.1
      }
    ]
  },
  "cauldron.fillwater": {
    "category": "block",
    "sounds": [
      {
        "name": "random/splash",
        "volume": 0.1
      }
    ]
  },
  "cauldron.takewater": {
    "category": "block",
    "sounds": [
      {
        "name": "random/splash",
        "volume": 0.1
      }
    ]
  },  
  "cauldron.adddye": {
    "category": "block",
    "sounds": [
      {
        "name": "random/splash",
        "volume": 0.1
      }
    ]
  },  
  "damage.fallbig": {
    "category": "player",
    "sounds": [
      "damage/fallbig"      
    ]
  },
  "damage.fallsmall": {
    "category": "player",
    "sounds": [
      "damage/fallsmall"
    ]
  },
  "game.player.hurt": {
    "category": "player",
    "sounds": [
      "damage/hit1",
      "damage/hit2",
      "damage/hit3"
    ]
  },
  "game.player.die": {
    "category": "player",
    "sounds": [
      "damage/hit1",
      "damage/hit2",
      "damage/hit3"
    ]
  },
  "dig.cloth": {
    "category": "block",
    "sounds": [
      "dig/cloth1",
      "dig/cloth2",
      "dig/cloth3",
      "dig/cloth4"
    ]
  },
  "dig.grass": {
    "category": "block",
    "sounds": [
      "dig/grass1",
      "dig/grass2",
      "dig/grass3",
      "dig/grass4"
    ]
  },
  "dig.gravel": {
    "category": "block",
    "sounds": [
      "dig/gravel1",
      "dig/gravel2",
      "dig/gravel3",
      "dig/gravel4"
    ]
  },
  "dig.sand": {
    "category": "block",
    "sounds": [
      "dig/sand1",
      "dig/sand2",
      "dig/sand3",
      "dig/sand4"
    ]
  },
  "dig.snow": {
    "category": "block",
    "sounds": [
      "dig/snow1",
      "dig/snow2",
      "dig/snow3",
      "dig/snow4"
    ]
  },
  "dig.stone": {
    "category": "block",
    "sounds": [
      "dig/stone1",
      "dig/stone2",
      "dig/stone3",
      "dig/stone4"
    ]
  },
  "dig.wood": {
    "category": "block",
    "sounds": [
      "dig/wood1",
      "dig/wood2",
      "dig/wood3",
      "dig/wood4"
    ]
  },
  "fire.fire": {
    "category": "block",
    "sounds": [
      "fire/fire"
    ]
  },
  "fire.ignite": {
    "category": "block",
    "sounds": [
      "fire/ignite"
    ]
  },
  "liquid.lava": {
    "category": "block",
    "sounds": [
      "liquid/lava"
    ]
  },
  "liquid.lavapop": {
    "category": "block",
    "sounds": [
      "liquid/lavapop"
    ]
  },
  "liquid.water": {
    "category": "block",
    "sounds": [
      "liquid/water"
    ]
  },
  "mob.bat.death": {
    "category": "neutral",
    "sounds": [
      "mob/bat/death"
    ]
  },
  "mob.bat.hurt": {
    "category": "neutral",
    "sounds": [
      "mob/bat/hurt1",
      "mob/bat/hurt2",
      "mob/bat/hurt3",
      "mob/bat/hurt4"
    ]
  },
  "mob.bat.idle": {
    "category": "neutral",
    "sounds": [
      "mob/bat/idle1",
      "mob/bat/idle2",
      "mob/bat/idle3",
      "mob/bat/idle4"
    ]
  },
  "mob.bat.takeoff": {
    "category": "neutral",
    "sounds": [
      "mob/bat/takeoff"
    ]
  },
  "mob.blaze.breathe": {
    "category": "hostile",
    "sounds": [
      "mob/blaze/breathe1",
      "mob/blaze/breathe2",
      "mob/blaze/breathe3",
      "mob/blaze/breathe4"
    ]
  },
  "mob.blaze.death": {
    "category": "hostile",
    "sounds": [
      "mob/blaze/death"
    ]
  },
  "mob.blaze.hit": {
    "category": "hostile",
    "sounds": [
      "mob/blaze/hit1",
      "mob/blaze/hit2",
      "mob/blaze/hit3",
      "mob/blaze/hit4"
    ]
  },
  "mob.chicken.hurt": {
    "category": "neutral",
    "sounds": [
      "mob/chicken/hurt1",
      "mob/chicken/hurt2"
    ]
  },
  "mob.chicken.plop": {
    "category": "neutral",
    "sounds": [
      "mob/chicken/plop"
    ]
  },
  "mob.chicken.say": {
    "category": "neutral",
    "sounds": [
      "mob/chicken/say1",
      "mob/chicken/say2",
      "mob/chicken/say3"
    ]
  },
  "mob.chicken.step": {
    "category": "neutral",
    "sounds": [
      "mob/chicken/step1",
      "mob/chicken/step2"
    ]
  },
  "mob.cow.hurt": {
    "category": "neutral",
    "sounds": [
      "mob/cow/hurt1",
      "mob/cow/hurt2",
      "mob/cow/hurt3"
    ]
  },
  "mob.cow.say": {
    "category": "neutral",
    "sounds": [
      "mob/cow/say1",
      "mob/cow/say2",
      "mob/cow/say3",
      "mob/cow/say4"
    ]
  },
  "mob.cow.step": {
    "category": "neutral",
    "sounds": [
      "mob/cow/step1",
      "mob/cow/step2",
      "mob/cow/step3",
      "mob/cow/step4"
    ]
  },
  "mob.creeperdeath": {
    "category": "hostile",
    "sounds": [
      "mob/creeper/death"
    ]
  },
  "mob.creeper": {
    "category": "hostile",
    "sounds": [
      "mob/creeper/say1",
      "mob/creeper/say2",
      "mob/creeper/say3",
      "mob/creeper/say4"
    ]
  },
  "mob.endermen.death": {
    "category": "hostile",
    "sounds": [
      "mob/endermen/death"
    ]
  },
  "mob.endermen.hit": {
    "category": "hostile",
    "sounds": [
      "mob/endermen/hit1",
      "mob/endermen/hit2",
      "mob/endermen/hit3",
      "mob/endermen/hit4"
    ]
  },
  "mob.endermen.idle": {
    "category": "hostile",
    "sounds": [
      "mob/endermen/idle1",
      "mob/endermen/idle2",
      "mob/endermen/idle3",
      "mob/endermen/idle4",
      "mob/endermen/idle5"
    ]
  },
  "mob.endermen.portal": {
    "category": "hostile",
    "sounds": [
      "mob/endermen/portal",
      "mob/endermen/portal2"
    ]
  },
  "mob.endermen.scream": {
    "category": "hostile",
    "sounds": [
      "mob/endermen/scream1",
      "mob/endermen/scream2",
      "mob/endermen/scream3",
      "mob/endermen/scream4"
    ]
  },
  "mob.endermen.stare": {
    "category": "hostile",
    "sounds": [
      "mob/endermen/stare"
    ]
  },
  "mob.ghast.affectionate_scream": {
    "category": "hostile",
    "sounds": [
      "mob/ghast/affectionate_scream"
    ]
  },
  "mob.ghast.charge": {
    "category": "hostile",
    "sounds": [
      "mob/ghast/charge"
    ]
  },
  "mob.ghast.death": {
    "category": "hostile",
    "sounds": [
      "mob/ghast/death"
    ]
  },
  "mob.ghast.fireball": {
    "category": "hostile",
    "sounds": [
      "mob/ghast/fireball4"
    ]
  },
  "mob.ghast.moan": {
    "category": "hostile",
    "sounds": [
      "mob/ghast/moan1",
      "mob/ghast/moan2",
      "mob/ghast/moan3",
      "mob/ghast/moan4",
      "mob/ghast/moan5",
      "mob/ghast/moan6",
      "mob/ghast/moan7"
    ]
  },
  "mob.ghast.scream": {
    "category": "hostile",
    "sounds": [
      "mob/ghast/scream1",
      "mob/ghast/scream2",
      "mob/ghast/scream3",
      "mob/ghast/scream4",
      "mob/ghast/scream5"
    ]
  },
  "mob.irongolem.throw": {
    "category": "hostile",
    "sounds": [
      "mob/irongolem/throw"
    ]
  },
  "mob.irongolem.death": {
    "category": "hostile",
    "sounds": [
      "mob/irongolem/death"
    ]
  },
  "mob.irongolem.hit": {
    "category": "hostile",
    "sounds": [
      "mob/irongolem/hit1",
      "mob/irongolem/hit2",
      "mob/irongolem/hit3",
      "mob/irongolem/hit4"
    ]
  },
  "mob.irongolem.walk": {
    "category": "hostile",
    "sounds": [
      "mob/irongolem/walk1",
      "mob/irongolem/walk2",
      "mob/irongolem/walk3",
      "mob/irongolem/walk4"
    ]
  },
  "mob.magmacube.big": {
    "category": "hostile",
    "sounds": [
      "mob/magmacube/big1",
      "mob/magmacube/big2",
      "mob/magmacube/big3",
      "mob/magmacube/big4"
    ]
  },
  "mob.magmacube.jump": {
    "category": "hostile",
    "sounds": [
      "mob/magmacube/jump1",
      "mob/magmacube/jump2",
      "mob/magmacube/jump3",
      "mob/magmacube/jump4"
    ]
  },
  "mob.magmacube.small": {
    "category": "hostile",
    "sounds": [
      "mob/magmacube/small1",
      "mob/magmacube/small2",
      "mob/magmacube/small3",
      "mob/magmacube/small4",
      "mob/magmacube/small5"
    ]
  },
  "mob.pig.death": {
    "category": "neutral",
    "sounds": [
      "mob/pig/death"
    ]
  },
  "mob.pig.say": {
    "category": "neutral",
    "sounds": [
      "mob/pig/say1",
      "mob/pig/say2",
      "mob/pig/say3"
    ]
  },
  "mob.pig.step": {
    "category": "neutral",
    "sounds": [
      "mob/pig/step1",
      "mob/pig/step2",
      "mob/pig/step3",
      "mob/pig/step4",
      "mob/pig/step5"
    ]
  },
  "mob.rabbit.hurt": {
    "category": "neutral",
    "sounds": [
      {
        "name": "mob/rabbit/hurt1",
        "volume": 0.5
      },
      {
        "name": "mob/rabbit/hurt2",
        "volume": 0.5
      },
      {
        "name": "mob/rabbit/hurt3",
        "volume": 0.5
      },
      {
        "name": "mob/rabbit/hurt4",
        "volume": 0.5
      }
    ]
  },
  "mob.rabbit.idle": {
    "category": "neutral",
    "sounds": [
      {
        "name": "mob/rabbit/idle1",
        "volume": 0.25
      },
      {
        "name": "mob/rabbit/idle2",
        "volume": 0.25
      },
      {
        "name": "mob/rabbit/idle3",
        "volume": 0.25
      },
      {
        "name": "mob/rabbit/idle4",
        "volume": 0.25
      }
    ]
  },
  "mob.rabbit.hop": {
    "category": "neutral",
    "sounds": [
      {
        "name": "mob/rabbit/hop1",
        "volume": 0.1
      },
      {
        "name": "mob/rabbit/hop2",
        "volume": 0.1
      },
      {
        "name": "mob/rabbit/hop3",
        "volume": 0.1
      },
      {
        "name": "mob/rabbit/hop4",
        "volume": 0.1
      }
    ]
  },
  "mob.rabbit.death": {
    "category": "neutral",
    "sounds": [
      {
        "name": "mob/rabbit/bunnymurder",
        "volume": 0.5
      }
    ]
  },
  "mob.sheep.say": {
    "category": "neutral",
    "sounds": [
      "mob/sheep/say1",
      "mob/sheep/say2",
      "mob/sheep/say3"
    ]
  },
  "mob.sheep.shear": {
    "category": "neutral",
    "sounds": [
      "mob/sheep/shear"
    ]
  },
  "mob.sheep.step": {
    "category": "neutral",
    "sounds": [
      "mob/sheep/step1",
      "mob/sheep/step2",
      "mob/sheep/step3",
      "mob/sheep/step4",
      "mob/sheep/step5"
    ]
  },
  "mob.silverfish.hit": {
    "category": "hostile",
    "sounds": [
      "mob/silverfish/hit1",
      "mob/silverfish/hit2",
      "mob/silverfish/hit3"
    ]
  },
  "mob.silverfish.kill": {
    "category": "hostile",
    "sounds": [
      "mob/silverfish/kill"
    ]
  },
  "mob.silverfish.say": {
    "category": "hostile",
    "sounds": [
      "mob/silverfish/say1",
      "mob/silverfish/say2",
      "mob/silverfish/say3",
      "mob/silverfish/say4"
    ]
  },
  "mob.silverfish.step": {
    "category": "hostile",
    "sounds": [
      "mob/silverfish/step1",
      "mob/silverfish/step2",
      "mob/silverfish/step3",
      "mob/silverfish/step4"
    ]
  },
  "mob.skeleton.death": {
    "category": "hostile",
    "sounds": [
      "mob/skeleton/death"
    ]
  },
  "mob.skeleton.hurt": {
    "category": "hostile",
    "sounds": [
      "mob/skeleton/hurt1",
      "mob/skeleton/hurt2",
      "mob/skeleton/hurt3",
      "mob/skeleton/hurt4"
    ]
  },
  "mob.skeleton.say": {
    "category": "hostile",
    "sounds": [
      "mob/skeleton/say1",
      "mob/skeleton/say2",
      "mob/skeleton/say3"
    ]
  },
  "mob.skeleton.step": {
    "category": "hostile",
    "sounds": [
      "mob/skeleton/step1",
      "mob/skeleton/step2",
      "mob/skeleton/step3",
      "mob/skeleton/step4"
    ]
  },
  "mob.slime.big": {
    "category": "hostile",
    "sounds": [
      "mob/slime/big1",
      "mob/slime/big2",
      "mob/slime/big3",
      "mob/slime/big4"
    ]
  },
  "mob.slime.small": {
    "category": "hostile",
    "sounds": [
      "mob/slime/small1",
      "mob/slime/small2",
      "mob/slime/small3",
      "mob/slime/small4",
      "mob/slime/small5"
    ]
  },
  "mob.spider.death": {
    "category": "hostile",
    "sounds": [
      "mob/spider/death"
    ]
  },
  "mob.spider.say": {
    "category": "hostile",
    "sounds": [
      "mob/spider/say1",
      "mob/spider/say2",
      "mob/spider/say3",
      "mob/spider/say4"
    ]
  },
  "mob.spider.step": {
    "category": "hostile",
    "sounds": [
      "mob/spider/step1",
      "mob/spider/step2",
      "mob/spider/step3",
      "mob/spider/step4"
    ]
  },
  "mob.villager.death": {
    "category": "neutral",
    "sounds": [
      "mob/villager/death"
    ]
  },
  "mob.villager.hit": {
    "category": "neutral",
    "sounds": [
      "mob/villager/hit1",
      "mob/villager/hit2",
      "mob/villager/hit3",
      "mob/villager/hit4"
    ]
  },
  "mob.villager.idle": {
    "category": "neutral",
    "sounds": [
      "mob/villager/idle1",
      "mob/villager/idle2",
      "mob/villager/idle3"
    ]
  },
  "mob.witch.ambient": {
    "sounds": [
      {
        "name": "mob/witch/ambient5",
        "pitch": 0.7
      },
      "mob/witch/ambient1",
      "mob/witch/ambient2",
      "mob/witch/ambient3",
      "mob/witch/ambient4",
      "mob/witch/ambient5"
    ]
  },
  "mob.witch.death": {
    "sounds": [
      "mob/witch/death1",
      "mob/witch/death2",
      "mob/witch/death3"
    ]
  },
  "mob.witch.hurt": {
    "sounds": [
      "mob/witch/hurt1",
      "mob/witch/hurt2",
      "mob/witch/hurt3"
    ]
  },
  "mob.witch.drink": {
    "sounds": [
      "mob/witch/drink1",
      "mob/witch/drink2",
      "mob/witch/drink3",
      "mob/witch/drink4"
    ]
  },
  "mob.witch.throw": {
    "sounds": [
      "mob/witch/throw1",
      "mob/witch/throw2",
      "mob/witch/throw3"
    ]
  },
  "mob.wolf.bark": {
    "category": "neutral",
    "sounds": [
      "mob/wolf/bark1",
      "mob/wolf/bark2",
      "mob/wolf/bark3"
    ]
  },
  "mob.wolf.death": {
    "category": "neutral",
    "sounds": [
      "mob/wolf/death"
    ]
  },
  "mob.wolf.growl": {
    "category": "neutral",
    "sounds": [
      "mob/wolf/growl1",
      "mob/wolf/growl2",
      "mob/wolf/growl3"
    ]
  },
  "mob.wolf.hurt": {
    "category": "neutral",
    "sounds": [
      "mob/wolf/hurt1",
      "mob/wolf/hurt2",
      "mob/wolf/hurt3"
    ]
  },
  "mob.wolf.panting": {
    "category": "neutral",
    "sounds": [
      "mob/wolf/panting"
    ]
  },
  "mob.wolf.shake": {
    "category": "neutral",
    "sounds": [
      "mob/wolf/shake"
    ]
  },
  "mob.wolf.step": {
    "category": "neutral",
    "sounds": [
      "mob/wolf/step1",
      "mob/wolf/step2",
      "mob/wolf/step3",
      "mob/wolf/step4",
      "mob/wolf/step5"
    ]
  },
  "mob.wolf.whine": {
    "category": "neutral",
    "sounds": [
      "mob/wolf/whine"
    ]
  },
  "mob.cat.hiss": {
	"category": "neutral",
    "sounds": [
      "mob/cat/hiss1",
	  "mob/cat/hiss2",
	  "mob/cat/hiss3"
    ]
  },
  "mob.cat.hit": {
	"category": "neutral",
    "sounds": [
      "mob/cat/hitt1",
	  "mob/cat/hitt2",
	  "mob/cat/hitt3"
    ]
  },
  "mob.cat.meow": {
	"category": "neutral",
    "sounds": [
      "mob/cat/meow1",
	  "mob/cat/meow2",
	  "mob/cat/meow3",
	  "mob/cat/meow4"
    ]
  },
  "mob.cat.purr": {
	"category": "neutral",
    "sounds": [
      "mob/cat/purr1",
	  "mob/cat/purr2",
	  "mob/cat/purr3"
    ]
  },
  "mob.cat.purreow": {
	"category": "neutral",
    "sounds": [
      "mob/cat/purreow1",
	  "mob/cat/purreow2"
    ]
  },
  "mob.zombie.death": {
    "category": "hostile",
    "sounds": [
      "mob/zombie/death"
    ]
  },
  "mob.zombie.hurt": {
    "category": "hostile",
    "sounds": [
      "mob/zombie/hurt1",
      "mob/zombie/hurt2"
    ]
  },
  "mob.zombie.remedy": {
    "category": "hostile",
    "sounds": [
      "mob/zombie/remedy"
    ]
  },
  "mob.zombie.say": {
    "category": "hostile",
    "sounds": [
      "mob/zombie/say1",
      "mob/zombie/say2",
      "mob/zombie/say3"
    ]
  },
  "mob.zombie.step": {
    "category": "hostile",
    "sounds": [
      "mob/zombie/step1",
      "mob/zombie/step2",
      "mob/zombie/step3",
      "mob/zombie/step4",
      "mob/zombie/step5"
    ]
  },
  "mob.zombie.wood": {
    "category": "hostile",
    "sounds": [
      "mob/zombie/wood1",
      "mob/zombie/wood2",
      "mob/zombie/wood3",
      "mob/zombie/wood4"
    ]
  },
  "mob.zombie.woodbreak": {
    "category": "hostile",
    "sounds": [
      "mob/zombie/woodbreak"
    ]
  },
  "mob.zombiepig.zpig": {
    "category": "hostile",
    "sounds": [
      "mob/zombiepig/zpig1",
      "mob/zombiepig/zpig2",
      "mob/zombiepig/zpig3",
      "mob/zombiepig/zpig4"
    ]
  },
  "mob.zombiepig.zpigangry": {
    "category": "hostile",
    "sounds": [
      "mob/zombiepig/zpigangry1",
      "mob/zombiepig/zpigangry2",
      "mob/zombiepig/zpigangry3",
      "mob/zombiepig/zpigangry4"
    ]
  },
  "mob.zombiepig.zpigdeath": {
    "category": "hostile",
    "sounds": [
      "mob/zombiepig/zpigdeath"
    ]
  },
  "mob.zombiepig.zpighurt": {
    "category": "hostile",
    "sounds": [
      "mob/zombiepig/zpighurt1",
      "mob/zombiepig/zpighurt2"
    ]
  },
  "note.bass": {
    "category": "record",
    "sounds": [
      "note/bass"
    ]
  },
  "note.bassattack": {
    "category": "record",
    "sounds": [
      "note/bassattack"
    ]
  },
  "note.bd": {
    "category": "record",
    "sounds": [
      "note/bd"
    ]
  },
  "note.harp": {
    "category": "record",
    "sounds": [
      "note/harp"
    ]
  },
  "note.hat": {
    "category": "record",
    "sounds": [
      "note/hat"
    ]
  },
  "note.pling": {
    "category": "record",
    "sounds": [
      "note/pling"
    ]
  },
  "note.snare": {
    "category": "record",
    "sounds": [
      "note/snare"
    ]
  },
  "portal.portal": {
    "category": "block",
    "sounds": [
      "portal/portal"
    ]
  },
  "portal.trigger": {
    "category": "ui",
    "sounds": [
      "portal/trigger"
    ]
  },
  "random.anvil_break": {
    "category": "block",
    "sounds": [
      "random/anvil_break"
    ]
  },
  "random.anvil_land": {
    "category": "block",
    "sounds": [
      "random/anvil_land"
    ]
  },
  "random.anvil_use": {
    "category": "block",
    "sounds": [
      "random/anvil_use"
    ]
  },
  "random.bow": {
    "category": "neutral",
    "sounds": [
      "random/bow"
    ]
  },
  "random.bowhit": {
    "category": "neutral",
    "sounds": [
      "random/bowhit1",
      "random/bowhit2",
      "random/bowhit3",
      "random/bowhit4"
    ]
  },
  "random.break": {
    "category": "player",
    "sounds": [
      "random/break"
    ]
  },
  "random.burp": {
    "category": "player",
    "sounds": [
      "random/burp"
    ]
  },
  "random.chestclosed": {
    "category": "block",
    "sounds": [
      "random/chestclosed"
    ]
  },
  "random.chestopen": {
    "category": "block",
    "sounds": [
      "random/chestopen"
    ]
  },
  "random.click": {
    "category": "ui",
    "sounds": [
      "random/click"
    ]
  },
  "random.door_close": {
    "category": "block",
    "sounds": [
      "random/door_close"
    ]
  },
  "random.door_open": {
    "category": "block",
    "sounds": [
      "random/door_open"
    ]
  },
  "random.drink": {
    "category": "player",
    "sounds": [
      "random/drink"
    ]
  },
  "random.eat": {
    "category": "player",
    "sounds": [
      "random/eat1",
      "random/eat2",
      "random/eat3"
    ]
  },
  "random.explode": {
    "category": "block",
    "sounds": [
      "random/explode1",
      "random/explode2",
      "random/explode3",
      "random/explode4"
    ]
  },
  "random.fizz": {
    "category": "block",
    "sounds": [
      "random/fizz"
    ]
  },
  "random.fuse": {
    "category": "block",
    "sounds": [
      "random/fuse"
    ]
  },
  "random.glass": {
    "category": "block",
    "sounds": [
      "random/glass1",
      "random/glass2",
      "random/glass3"
    ]
  },
  "random.levelup": {
    "category": "player",
    "sounds": [
      "random/levelup"
    ]
  },
  "random.orb": {
    "category": "player",
    "sounds": [
      "random/orb"
    ]
  },
  "random.pop": {
    "category": "player",
    "sounds": [
      "random/pop"
    ]
  },
  "random.pop2": {
    "category": "player",
    "sounds": [
      "random/pop2"
    ]
  },
  "random.splash": {
    "category": "player",
    "sounds": [
      "random/splash"
    ]
  },
  "random.swim": {
    "category": "player",
    "sounds": [
      "random/swim1",
      "random/swim2",
      "random/swim3",
      "random/swim4"
    ]
  },
  "random.hurt": {
    "category": "player",
    "sounds": [
      "random/hurt"
    ]
  },
  "step.ladder": {
    "category": "neutral",
    "sounds": [
      "step/ladder1",
      "step/ladder2",
      "step/ladder3",
      "step/ladder4",
      "step/ladder5"
    ]
  },
  "step.cloth": {
    "category": "neutral",
    "sounds": [
      "step/cloth1",
      "step/cloth2",
      "step/cloth3",
      "step/cloth4"
    ]
  },
  "step.grass": {
    "category": "neutral",
    "sounds": [
      "step/grass1",
      "step/grass2",
      "step/grass3",
      "step/grass4",
      "step/grass5",
      "step/grass6"
    ]
  },
  "step.gravel": {
    "category": "neutral",
    "sounds": [
      "step/gravel1",
      "step/gravel2",
      "step/gravel3",
      "step/gravel4"
    ]
  },
  "step.sand": {
    "category": "neutral",
    "sounds": [
      "step/sand1",
      "step/sand2",
      "step/sand3",
      "step/sand4",
      "step/sand5"
    ]
  },
  "step.snow": {
    "category": "neutral",
    "sounds": [
      "step/snow1",
      "step/snow2",
      "step/snow3",
      "step/snow4"
    ]
  },
  "step.stone": {
    "category": "neutral",
    "sounds": [
      "step/stone1",
      "step/stone2",
      "step/stone3",
      "step/stone4",
      "step/stone5",
      "step/stone6"
    ]
  },
  "step.wood": {
    "category": "neutral",
    "sounds": [
      "step/wood1",
      "step/wood2",
      "step/wood3",
      "step/wood4",
      "step/wood5",
      "step/wood6"
    ]
  },
  "music.menu": {
    "category": "music",
    "sounds": [
      {
        "name": "music/menu/menu1",
        "stream": true
      },
      {
        "name": "music/menu/menu2",
        "stream": true
      },
      {
        "name": "music/menu/menu3",
        "stream": true
      },
      {
        "name": "music/menu/menu4",
        "stream": true
      }
    ]
  },
  "music.game": {
    "category": "music",
    "sounds": [
      {
        "name": "music/game/calm1",
        "stream": true
      },
      {
        "name": "music/game/calm2",
        "stream": true
      },
      {
        "name": "music/game/calm3",
        "stream": true
      },
      {
        "name": "music/game/hal1",
        "stream": true
      },
      {
        "name": "music/game/hal2",
        "stream": true
      },
      {
        "name": "music/game/hal3",
        "stream": true
      },
      {
        "name": "music/game/hal4",
        "stream": true
      },
      {
        "name": "music/game/nuance1",
        "stream": true
      },
      {
        "name": "music/game/nuance2",
        "stream": true
      },
      {
        "name": "music/game/piano1",
        "stream": true
      },
      {
        "name": "music/game/piano2",
        "stream": true
      },
      {
        "name": "music/game/piano3",
        "stream": true
      }
    ]
  },
  "music.game.creative": {
    "category": "music",
    "sounds": [
      {
        "type": "event",
        "name": "music.game"
      },
      {
        "name": "music/game/creative/creative1",
        "stream": true
      },
      {
        "name": "music/game/creative/creative2",
        "stream": true
      },
      {
        "name": "music/game/creative/creative3",
        "stream": true
      },
      {
        "name": "music/game/creative/creative4",
        "stream": true
      },
      {
        "name": "music/game/creative/creative5",
        "stream": true
      },
      {
        "name": "music/game/creative/creative6",
        "stream": true
      }
    ]
  },
  "music.game.nether": {
    "category": "music",
    "sounds": [
      {
        "name": "music/game/nether/nether1",
        "stream": true
      },
      {
        "name": "music/game/nether/nether2",
        "stream": true
      },
      {
        "name": "music/game/nether/nether3",
        "stream": true
      },
      {
        "name": "music/game/nether/nether4",
        "stream": true
      }
    ]
  }
}