{
  "namespace": "gamepad_layout",

  //---------------------------------------------------------------------------
  // Common
  //---------------------------------------------------------------------------
  "dark_thin_button": {
    "type": "image",
    "nineslice_size": 4.0,
    "texture": "gui/newgui/play_screen/DarkButtonThinStroke1.png",
    "uv": [ 0, 0 ],
    "uv_size": [ 7, 7 ],
    "layer": 3
  },

  "normal_stroke_button": {
    "type": "image",
    "nineslice_size": 4.0,
    "texture": "gui/newgui/play_screen/NormalButtonStroke.png",
    "uv": [ 0, 0 ],
    "uv_size": [ 12, 12 ],
    "layer": 3
  },

  "normal_thin_button": {
    "type": "image",
    "nineslice_size": 4.0,
    "texture": "gui/newgui/play_screen/NormalButtonThinNewBevel.png",
    "uv": [ 0, 0 ],
    "uv_size": [ 8, 8 ],
    "layer": 3
  },

  "hover_thin_stroke_button": {
    "type": "image",
    "nineslice_size": 4.0,
    "texture": "gui/newgui/play_screen/HoverButtonThinStroke.png",
    "uv": [ 0, 0 ],
    "uv_size": [ 7, 7 ],
    "layer": 3
  },

  "hover_thin_button": {
    "type": "image",
    "nineslice_size": 4.0,
    "texture": "gui/newgui/play_screen/HoverButtonThinNewBevel2.png",
    "uv": [ 0, 0 ],
    "uv_size": [ 8, 8 ],
    "layer": 3
  },

  "indent": {
    "type": "image",
    "nineslice_size": 3.0,
    "texture": "gui/newgui/play_screen/Indent2.png",
    "uv": [ 0, 0 ],
    "uv_size": [ 5, 5 ],
    "layer": 3
  },

  //---------------------------------------------------------------------------
  // Text
  //---------------------------------------------------------------------------

  "gamepad_action_text": {
    "type": "label",
    "shadow": true,
    "layer": 5,
    "alignment": "center"
  },

  "actions@gamepad_action_text": {
    "text": "controllerLayoutScreen.actions",
    "offset": [ "23%", "8%" ],
    "alignment": "top_left"
  },

  "bindings@gamepad_action_text": {
    "text": "controllerLayoutScreen.bindings",
    "offset": [ "-20%", "8%" ],
    "alignment": "top_right"
  },

  "header@gamepad_action_text": {
    "text": "options.controllerLayout",
    "offset": [ 0, "2%" ],
    "alignment": "top_middle"
  },

  "gamepad_action@gamepad_action_text": {
    "text": "#action",
    "bindings": [
      {
        "binding_name": "#action",
        "binding_type": "collection",
        "binding_condition": "visible",
        "binding_collection_name": "gamepad_action_items"
      }
    ]
  },

  "gamepad_binding@gamepad_action_text": {
    "text": "#binding",
    "bindings": [
      {
        "binding_name": "#binding",
        "binding_type": "collection",
        "binding_condition": "visible",
        "binding_collection_name": "gamepad_action_items"
      }
    ]
  },

  "confirmation_text@gamepad_action_text": {
    "text": "#confirmation",
    "offset": [ 0, "-5%" ],
    "wrap": true,
    "bindings": [
      {
        "binding_name": "#confirmation",
        "binding_condition": "visible"
      }
    ]
  },


  //---------------------------------------------------------------------------
  // Buttons
  //---------------------------------------------------------------------------

  "back_button@common.button": {
    "$pressed_button_name": "button.menu_exit",
    "size": [ "33%-2px", "100%" ],
    "offset": [ -1, 0 ],
    "anchor_to": "bottom_right",
    "anchor_from": "bottom_right",
    "layer": 4,
    "controls": [
      {
        "default@normal_thin_button": {
          "controls": [
            {
              "back_button_text@common.button_text": {
                "text": "controllerLayoutScreen.cancel"
              }
            }
          ]
        }
      },
      {
        "hover@hover_thin_button": {
          "controls": [
            {
              "back_button_text@common.button_text": {
                "text": "controllerLayoutScreen.cancel",
                "color": [ 1.0, 1.0, 0.2 ]
              }
            }
          ]
        }
      },
      {
        "pressed@normal_thin_button": {
          "controls": [
            {
              "back_button_text@common.button_text": {
                "text": "controllerLayoutScreen.cancel",
                "color": [ 1.0, 1.0, 0.2 ],
                "alpha": 0.65
              }
            }
          ]
        }
      }
    ]
  },

  "accept_button@common.button": {
    "$pressed_button_name": "button.menu_save_and_exit",
    "size": [ "33%-2px", "100%" ],
    "offset": [ 1, 0 ],
    "anchor_to": "bottom_left",
    "anchor_from": "bottom_left",
    "layer": 4,
    "controls": [
      {
        "default@normal_thin_button": {
          "controls": [
            {
              "accept_button_text@common.button_text": {
                "text": "controllerLayoutScreen.save"
              }
            }
          ]
        }
      },
      {
        "hover@hover_thin_button": {
          "controls": [
            {
              "accept_button_text@common.button_text": {
                "text": "controllerLayoutScreen.save",
                "color": [ 1.0, 1.0, 0.2 ]
              }
            }
          ]
        }
      },
      {
        "pressed@normal_thin_button": {
          "controls": [
            {
              "accept_button_text@common.button_text": {
                "text": "controllerLayoutScreen.save",
                "color": [ 1.0, 1.0, 0.2 ],
                "alpha": 0.65
              }
            }
          ]
        }
      }
    ]
  },

  "reset_button@common.button": {
    "$pressed_button_name": "button.menu_reset_default",
    "size": [ "33%-2px", "100%" ],
    "offset": [ 0, 0 ],
    "anchor_to": "bottom_middle",
    "anchor_from": "bottom_middle",
    "layer": 4,
    "controls": [
      {
        "default@normal_thin_button": {
          "controls": [
            {
              "accept_button_text@common.button_text": {
                "text": "controls.reset"
              }
            }
          ]
        }
      },
      {
        "hover@hover_thin_button": {
          "controls": [
            {
              "accept_button_text@common.button_text": {
                "text": "controls.reset",
                "color": [ 1.0, 1.0, 0.2 ]
              }
            }
          ]
        }
      },
      {
        "pressed@normal_thin_button": {
          "controls": [
            {
              "accept_button_text@common.button_text": {
                "text": "controls.reset",
                "color": [ 1.0, 1.0, 0.2 ],
                "alpha": 0.65
              }
            }
          ]
        }
      }
    ]
  },

  "yes_button@common.button": {
    "$pressed_button_name": "button.menu_yes",
    "size": [ "50%-2px", "100%" ],
    "offset": [ 1, 0 ],
    "anchor_to": "bottom_left",
    "anchor_from": "bottom_left",
    "layer": 4,
    "controls": [
      {
        "default@normal_thin_button": {
          "controls": [
            {
              "accept_button_text@common.button_text": {
                "text": "gui.yes"
              }
            }
          ]
        }
      },
      {
        "hover@hover_thin_button": {
          "controls": [
            {
              "accept_button_text@common.button_text": {
                "text": "gui.yes",
                "color": [ 1.0, 1.0, 0.2 ]
              }
            }
          ]
        }
      },
      {
        "pressed@normal_thin_button": {
          "controls": [
            {
              "accept_button_text@common.button_text": {
                "text": "gui.yes",
                "color": [ 1.0, 1.0, 0.2 ],
                "alpha": 0.65
              }
            }
          ]
        }
      }
    ]
  },

  "no_button@common.button": {
    "$pressed_button_name": "button.menu_no",
    "size": [ "50%-2px", "100%" ],
    "offset": [ -1, 0 ],
    "anchor_to": "bottom_right",
    "anchor_from": "bottom_right",
    "layer": 4,
    "controls": [
      {
        "default@normal_thin_button": {
          "controls": [
            {
              "accept_button_text@common.button_text": {
                "text": "gui.no"
              }
            }
          ]
        }
      },
      {
        "hover@hover_thin_button": {
          "controls": [
            {
              "accept_button_text@common.button_text": {
                "text": "gui.no",
                "color": [ 1.0, 1.0, 0.2 ]
              }
            }
          ]
        }
      },
      {
        "pressed@normal_thin_button": {
          "controls": [
            {
              "accept_button_text@common.button_text": {
                "text": "gui.no",
                "color": [ 1.0, 1.0, 0.2 ],
                "alpha": 0.65
              }
            }
          ]
        }
      }
    ]
  },

  "bottom_buttons": {
    "type": "panel",
    "anchor_to": "bottom_middle",
    "anchor_from": "bottom_middle",
    "size": [ "100%-6px", "15%" ],
    "offset": [ 0, -4 ],
    "controls": [
      { "accept@accept_button": { } },
      { "reset@reset_button": { } },
      { "back@back_button": { } }
    ]
  },

  "cda_button_buttons": {
    "type": "panel",
    "anchor_to": "bottom_middle",
    "anchor_from": "bottom_middle",
    "size": [ "100%-6px", "25%" ],
    "offset": [ 0, -4 ],
    "controls": [
      { "yes@yes_button": { } },
      { "no@no_button": { } }
    ]
  },

  "gamepad_action_item_button_default_state": {
    "type": "panel",
    "size": [ "58%-1px", 25 ],
    "anchor_from": "top_left",
    "anchor_to": "top_left",
    "offset": [ 2, 2 ],
    "layer": 4,
    "controls": [
      { "action_bg@normal_thin_button": { } },
      { "action_text@gamepad_action": { } }
    ]
  },

  "gamepad_action_item_button_hover_state": {
    "type": "panel",
    "layer": 4,
    "anchor_from": "top_left",
    "anchor_to": "top_left",
    "controls": [
      { "action_bg@hover_thin_stroke_button": { } },
      {
        "action_text@gamepad_action": {
          "color": [ 1.0, 1.0, 0.2 ]
        }
      }
    ]
  },

  "gamepad_binding_button_hover_state": {
    "type": "panel",
    "layer": 4,
    "anchor_from": "top_right",
    "anchor_to": "top_right",
    "controls": [
      { "binding_bg@hover_thin_stroke_button": { } },
      {
        "binding_text@gamepad_binding": {
          "color": [ 1.0, 1.0, 0.2 ]
        }
      }
    ]
  },

  "gamepad_binding_button_default_state": {
    "type": "panel",
    "layer": 4,
    "anchor_from": "top_right",
    "anchor_to": "top_right",
    "controls": [
      { "binding_bg@dark_thin_button": { } },
      { "binding_text@gamepad_binding": { } }
    ]
  },

  "gamepad_action_item_button@common.button": {
    "$pressed_button_name": "button.menu_binding_start",
    "size": [ "53%-1px", 25 ],
    "anchor_from": "top_left",
    "anchor_to": "top_left",
    "offset": [ 2, 2 ],
    "bindings": [
      {
        "binding_type": "collection_details",
        "binding_condition": "visible",
        "binding_collection_name": "gamepad_action_items"
      }
    ],
    "controls": [
      { "default@gamepad_action_item_button_default_state": { } },
      { "hover@gamepad_action_item_button_hover_state": { } },
      { "pressed@gamepad_action_item_button_hover_state": { } }
    ]
  },

  "gamepad_binding_button@common.button": {
    "$pressed_button_name": "button.menu_binding_start",
    "size": [ "42%-4px", 25 ],
    "anchor_from": "top_right",
    "anchor_to": "top_right",
    "offset": [ -2, 2 ],
    "bindings": [
      {
        "binding_type": "collection_details",
        "binding_condition": "visible",
        "binding_collection_name": "gamepad_action_items"
      }
    ],
    "controls": [
      { "default@gamepad_binding_button_default_state": { } },
      { "hover@gamepad_binding_button_hover_state": { } },
      { "pressed@gamepad_binding_button_hover_state": { } }
    ]
  },

  //---------------------------------------------------------------------------
  // Grid Items
  //---------------------------------------------------------------------------

  "gamepad_action_items": {
    "type": "grid_item",
    "anchor_from": "top_left",
    "anchor_to": "top_left",
    "size": [ "100%", 26 ],
    "controls": [
      { "action_panel@gamepad_action_item_button_default_state": { } },
      { "binding_button@gamepad_binding_button": { } }
    ]
  },


  "gamepad_action_grid": {
    "type": "grid",
    "grid_item_template": "gamepad_action_items",
    "grid_dimension_binding": "#gamepad_action_item_grid_dimension",
    "collection_name": "gamepad_action_items",
    "anchor_to": "top_left",
    "anchor_from": "top_left",
    "size": [ "100%-14px", "100%" ],
    "bindings": [
      {
        "binding_name": "#gamepad_action_item_grid_dimension",
        "binding_condition": "visible"
      }
    ]
  },

  //---------------------------------------------------------------------------
  // Panels
  //---------------------------------------------------------------------------

  "root_panel_common": {
    "type": "panel",
    "anchor_to": "top_middle",
    "anchor_from": "top_middle",
    "size": [ "100%", "100%" ],
    "controls": [
      { "root_button@normal_stroke_button": { "layer": 1 } },
      { "header_text@header": { } },
      { "bindings_text@bindings": { } },
      { "actions_text@actions": { } },
      { "root_edit_panel@gamepad_edit_panel": { } },
      { "root_bottom_buttons@bottom_buttons": { "layer": 2 } },
      { "input_siphon@ghost_binding": { "visible": false } }
    ],
    "bindings": [
      {
        "binding_name": "#root_visible",
        "binding_name_override": "#visible"
      }
    ]
  },

  "cda_panel": {
    "type": "panel",
    "anchor_to": "center",
    "anchor_from": "center",
    "size": [ "70%", "60%" ],
    "controls": [
      { "bg@normal_stroke_button": { } },
      { "cda_text@confirmation_text": { } },
      { "test_buttons@cda_button_buttons": { } }
    ],
    "bindings": [
      {
        "binding_name": "#cda_visible",
        "binding_name_override": "#visible"
      }
    ]
  },

  "gamepad_action_binding": {
    "type": "panel",
    "anchor_to": "top_right",
    "anchor_from": "top_right",
    "size": [ "45%", 25 ],
    "offset": [ 0, 2 ],
    "controls": [
      { "binding_bg@dark_thin_button": { } },
      { "binding_txt@gamepad_binding": { } }
    ]
  },

  "gamepad_edit_panel": {
    "type": "panel",
    "anchor_to": "top_middle",
    "anchor_from": "top_middle",
    "size": [ "100%-14px", "68%" ],
    "offset": [ 0, "15%" ],
    "controls": [
      {
        "background@indent": {
          "anchor_to": "top_left",
          "anchor_from": "top_left",
          "size": [ "100%-14px", "100%" ]
        }
      },
      {
        "scroll_track@indent": {
          "anchor_from": "right_middle",
          "anchor_to": "right_middle",
          "size": [ "10px", "100%-2px" ],
          "offset": [ 0, 0 ]
        }
      },
      {
        "scroll_section": {
          "type": "panel",
          "anchor_to": "top_left",
          "anchor_from": "top_left",
          "size": [ "100%", "100%-3px" ],
          "offset": [ 0, 1 ],
          "clips_children": true,
          "layer": 1,
          "controls": [
            {
              "scroll@common.scroll": {
                "size": [ "10px", "100%" ],
                "anchor_from": "top_right",
                "anchor_to": "top_right",
                "scrollbar_box": "box",
                "controls": [
                  {
                    "box@common.scroll_box": {
                      "anchor_to": "top_left",
                      "anchor_from": "top_left",
                      "size": [ "10px", 16 ],
                      "controls": [
                        { "thin_button@gamepad_layout.normal_thin_button": { "layer": 2 } }
                      ]
                    }
                  }
                ]
              }
            },
            { "gamepad_grid@gamepad_action_grid": { "layer": 2 } }
          ]
        }
      }
    ]
  },

  "ghost_binding": {
    "type": "input_panel",
    "button_mappings": [
      {
        "from_button_id": "any",
        "mapping_type": "global"
      }
    ],
    "bindings": [
      {
        "binding_name": "#binding_state",
        "binding_name_override": "#visible"
      }
    ]
  },
  //---------------------------------------------------------------------------
  // Screen
  //---------------------------------------------------------------------------
  "screen_common": {
    "type": "screen",
    "button_mappings": [
      {
        "from_button_id": "button.menu_cancel",
        "to_button_id": "button.menu_exit",
        "mapping_type": "global"
      },
      {
        "from_button_id": "button.menu_up",
        "to_button_id": "button.menu_up",
        "mapping_type": "global",
        "scope": "view"
      },
      {
        "from_button_id": "button.menu_down",
        "to_button_id": "button.menu_down",
        "mapping_type": "global",
        "scope": "view"
      },
      {
        "from_button_id": "button.menu_left",
        "to_button_id": "button.menu_left",
        "mapping_type": "global",
        "scope": "view"
      },
      {
        "from_button_id": "button.menu_right",
        "to_button_id": "button.menu_right",
        "mapping_type": "global",
        "scope": "view"
      },
      {
        "from_button_id": "button.menu_tab_left",
        "to_button_id": "button.menu_tab_left",
        "mapping_type": "global",
        "scope": "view"
      },
      {
        "from_button_id": "button.menu_tab_right",
        "to_button_id": "button.menu_tab_right",
        "mapping_type": "global",
        "scope": "view"
      }
    ]
  },

  "layout@screen_common": {
    "controls": [

      { "fade_panel@cda_panel": { } },
      { "root_panel@root_panel_common": { } }
    ]
  }

}
