{
  "namespace": "crafting",

  //---------------------------------------------------------------------------
  // Common
  //---------------------------------------------------------------------------

  "creative_gamepad_helpers": {
    "type": "panel",
    "anchor_from": "top_middle",
    "anchor_to": "bottom_middle",
    "size": [ 174, 16 ],
    "offset": [ 0, 14 ],
    "controls": [
      {
        "@common.gamepad_helper_left_bumper": {
          "size": [ 27, "100%" ],
          "offset": [ 0, 0 ],
          "anchor_from": "top_left",
          "anchor_to": "top_right"
        }
      },
      {
        "@common.gamepad_helper_right_bumper": {
          "size": [ 27, "100%" ],
          "offset": [ 0, 0 ],
          "anchor_from": "top_right",
          "anchor_to": "top_left"
        }
      }
    ]
  },

  //---------------------------------------------------------------------------
  // Creative Grid Items
  //---------------------------------------------------------------------------

  "no_coalesce_container_slot_button@common.container_slot_button_prototype": {
    "button_mappings": [
      {
        "from_button_id": "button.menu_select",
        "to_button_id": "button.container_take_all_place_all",
        "mapping_type": "pressed"
      },
      {
        "from_button_id": "button.menu_ok",
        "to_button_id": "button.container_take_all_place_all",
        "mapping_type": "pressed"
      },
      {
        "from_button_id": "button.menu_secondary_select",
        "to_button_id": "button.container_take_half_place_one",
        "mapping_type": "pressed"
      },
      {
        "from_button_id": "button.controller_select",
        "to_button_id": "button.container_take_half_place_one",
        "mapping_type": "pressed"
      },
      {
        "from_button_id": "button.menu_auto_place",
        "to_button_id": "button.container_auto_place",
        "mapping_type": "pressed"
      },
      {
        "from_button_id": "button.controller_secondary_select",
        "to_button_id": "button.container_auto_place",
        "mapping_type": "pressed"
      },
      {
        "from_button_id": "button.menu_inventory_drop",
        "to_button_id": "button.drop_one",
        "mapping_type": "pressed"
      },
      {
        "from_button_id": "button.menu_inventory_drop_all",
        "to_button_id": "button.drop_all",
        "mapping_type": "pressed"
      },
      {
        "to_button_id": "button.shape_drawing",
        "mapping_type": "pressed"
      },
      {
        "to_button_id": "button.container_slot_hovered",
        "mapping_type": "pressed"
      }
    ]
  },

  //---------------------------------------------------------------------------
  // Creative Tabs
  //---------------------------------------------------------------------------

  "tab_image": {
    "type": "image",
    "layer": 2,
    "nineslice_size": 4.0,
    "uv": [ 0, 0 ],
    "uv_size": [ 12, 11 ],
    "size": [ 24, 23 ]
  },

  "tab_front@crafting.tab_image": {
    "texture": "gui/newgui/TabFrontInGame.png"
  },

  "tab_back@crafting.tab_image": {
    "texture": "gui/newgui/TabBackInGame.png"
  },

  "item_renderer": {
    "type": "custom",
    "renderer": "inventory_item_renderer",
    "size": [ 17, 17 ]
  },

  "survival_icon@crafting.item_renderer": {
    "property_bag": {
      "#item_id_aux": 3538944
    }
  },

  "building_blocks_icon@crafting.item_renderer": {
    "property_bag": {
      "#item_id_aux": 2949120
    }
  },

  "decorations_icon@crafting.item_renderer": {
    "property_bag": {
      "#item_id_aux": 3080192
    }
  },

  "tools_icon@crafting.item_renderer": {
    "property_bag": {
      "#item_id_aux": 17498112
    }
  },

  "miscellaneous_icon@crafting.item_renderer": {
    "property_bag": {
      "#item_id_aux": 19333120
    }
  },

  "survival_tab_front": {
    "type": "panel",
    "size": [ 24, 23 ],
    "controls": [
      {
        "@crafting.tab_front": {
          "layer": 5
        }
      },
      {
        "@crafting.survival_icon": {
          "layer": 6,
          "offset": [ 1, -1 ]
        }
      }
    ]
  },

  "survival_tab_back": {
    "type": "panel",
    "size": [ 24, 23 ],
    "controls": [
      {
        "@crafting.tab_back": {
          "layer": 5
        }
      },
      {
        "@crafting.survival_icon": {
          "layer": 6,
          "offset": [ 1, -1 ]
        }
      }
    ]
  },

  "building_blocks_tab_front": {
    "type": "panel",
    "size": [ 24, 23 ],
    "controls": [
      {
        "@crafting.tab_front": {
          "texture": "gui/newgui/TabFrontInGameLeftMost.png",
          "layer": 5
        }
      },
      {
        "@crafting.building_blocks_icon": {
          "layer": 6,
          "offset": [ 1, -1 ]
        }
      }
    ]
  },

  "building_blocks_tab_back": {
    "type": "panel",
    "size": [ 24, 23 ],
    "controls": [
      {
        "@crafting.tab_back": {
          "texture": "gui/newgui/TabBackInGameLeftMost.png",
          "layer": 5
        }
      },
      {
        "@crafting.building_blocks_icon": {
          "layer": 6,
          "offset": [ 1, -1 ]
        }
      }
    ]
  },

  "decorations_tab_front": {
    "type": "panel",
    "size": [ 24, 23 ],
    "controls": [
      {
        "@crafting.tab_front": {
          "layer": 5
        }
      },
      {
        "@crafting.decorations_icon": {
          "layer": 6,
          "offset": [ 1, -1 ]
        }
      }
    ]
  },

  "decorations_tab_back": {
    "type": "panel",
    "size": [ 24, 23 ],
    "controls": [
      {
        "@crafting.tab_back": {
          "layer": 5
        }
      },
      {
        "@crafting.decorations_icon": {
          "layer": 6,
          "offset": [ 1, -1 ]
        }
      }
    ]
  },

  "tools_tab_front": {
    "type": "panel",
    "size": [ 24, 23 ],
    "controls": [
      {
        "@crafting.tab_front": {
          "layer": 5
        }
      },
      {
        "@crafting.tools_icon": {
          "layer": 6,
          "offset": [ 1, -1 ]
        }
      }
    ]
  },

  "tools_tab_back": {
    "type": "panel",
    "size": [ 24, 23 ],
    "controls": [
      {
        "@crafting.tab_back": {
          "layer": 5
        }
      },
      {
        "@crafting.tools_icon": {
          "layer": 6,
          "offset": [ 1, -1 ]
        }
      }
    ]
  },

  "miscellaneous_tab_front": {
    "type": "panel",
    "size": [ 24, 23 ],
    "controls": [
      {
        "@crafting.tab_front": {
          "layer": 5
        }
      },
      {
        "@crafting.miscellaneous_icon": {
          "layer": 6,
          "offset": [ 1, -1 ]
        }
      }
    ]
  },

  "miscellaneous_tab_back": {
    "type": "panel",
    "size": [ 24, 23 ],
    "controls": [
      {
        "@crafting.tab_back": {
          "layer": 5
        }
      },
      {
        "@crafting.miscellaneous_icon": {
          "layer": 6,
          "offset": [ 1, -1 ]
        }
      }
    ]
  },

  "interactive_tabs": {
    "type": "panel",
    "size": [ 124, 22 ],
    "controls": [
      {
        "survival@common.tab": {
          "layer": 10,
          "anchor_from": "top_left",
          "anchor_to": "bottom_left",
          "tab_group": 0,
          "tab_index": 5,
          "tab_content": "survival_screen_inventory",
          "offset": [ 110, 2 ],
          "size": [ 24, 23 ]
        }
      },
      {
        "building_blocks@common.tab": {
          "layer": 10,
          "anchor_from": "top_left",
          "anchor_to": "bottom_left",
          "tab_group": 0,
          "tab_index": 1,
          "tab_content": "creative_screen_building_blocks",
          "offset": [ 0, 2 ],
          "size": [ 24, 23 ]
        }
      },
      {
        "decorations@common.tab": {
          "layer": 10,
          "anchor_from": "top_left",
          "anchor_to": "bottom_left",
          "tab_group": 0,
          "tab_index": 2,
          "tab_content": "creative_screen_decorations",
          "offset": [ 24, 2 ],
          "size": [ 24, 23 ]
        }
      },
      {
        "tools@common.tab": {
          "layer": 10,
          "anchor_from": "top_left",
          "anchor_to": "bottom_left",
          "tab_group": 0,
          "tab_index": 3,
          "tab_content": "creative_screen_tools",
          "offset": [ 48, 2 ],
          "size": [ 24, 23 ]
        }
      },
      {
        "miscellaneous@common.tab": {
          "layer": 10,
          "anchor_from": "top_left",
          "anchor_to": "bottom_left",
          "tab_group": 0,
          "tab_index": 4,
          "tab_content": "creative_screen_miscellaneous",
          "offset": [ 72, 2 ],
          "size": [ 24, 23 ]
        }
      }
    ]
  },

  "visual_tabs_survival": {
    "type": "panel",
    "size": [ 124, 22 ],
    "controls": [
      {
        "survival@survival_tab_front": {
          "layer": 10,
          "offset": [ 110, 2.5 ]
        }
      },
      {
        "survival@building_blocks_tab_back": {
          "layer": 10,
          "offset": [ 0, 2.5 ]
        }
      },
      {
        "survival@decorations_tab_back": {
          "layer": 10,
          "offset": [ 25, 2.5 ]
        }
      },
      {
        "survival@tools_tab_back": {
          "layer": 10,
          "offset": [ 50, 2.5 ]
        }
      },
      {
        "survival@miscellaneous_tab_back": {
          "layer": 10,
          "offset": [ 75, 2.5 ]
        }
      }
    ]
  },

  "visual_tabs_building_blocks": {
    "type": "panel",
    "size": [ 124, 22 ],
    "controls": [
      {
        "survival@survival_tab_back": {
          "layer": 10,
          "offset": [ 110, 2.5 ]
        }
      },
      {
        "survival@building_blocks_tab_front": {
          "layer": 10,
          "offset": [ 0, 2.5 ]
        }
      },
      {
        "survival@decorations_tab_back": {
          "layer": 10,
          "offset": [ 25, 2.5 ]
        }
      },
      {
        "survival@tools_tab_back": {
          "layer": 10,
          "offset": [ 50, 2.5 ]
        }
      },
      {
        "survival@miscellaneous_tab_back": {
          "layer": 10,
          "offset": [ 75, 2.5 ]
        }
      }
    ]
  },

  "visual_tabs_decorations": {
    "type": "panel",
    "size": [ 124, 22 ],
    "controls": [
      {
        "survival@survival_tab_back": {
          "layer": 10,
          "offset": [ 110, 2.5 ]
        }
      },
      {
        "survival@building_blocks_tab_back": {
          "layer": 10,
          "offset": [ 0, 2.5 ]
        }
      },
      {
        "survival@decorations_tab_front": {
          "layer": 10,
          "offset": [ 25, 2.5 ]
        }
      },
      {
        "survival@tools_tab_back": {
          "layer": 10,
          "offset": [ 50, 2.5 ]
        }
      },
      {
        "survival@miscellaneous_tab_back": {
          "layer": 10,
          "offset": [ 75, 2.5 ]
        }
      }
    ]
  },

  "visual_tabs_tools": {
    "type": "panel",
    "size": [ 124, 22 ],
    "controls": [
      {
        "survival@survival_tab_back": {
          "layer": 10,
          "offset": [ 110, 2.5 ]
        }
      },
      {
        "survival@building_blocks_tab_back": {
          "layer": 10,
          "offset": [ 0, 2.5 ]
        }
      },
      {
        "survival@decorations_tab_back": {
          "layer": 10,
          "offset": [ 25, 2.5 ]
        }
      },
      {
        "survival@tools_tab_front": {
          "layer": 10,
          "offset": [ 50, 2.5 ]
        }
      },
      {
        "survival@miscellaneous_tab_back": {
          "layer": 10,
          "offset": [ 75, 2.5 ]
        }
      }
    ]
  },

  "visual_tabs_miscellaneous": {
    "type": "panel",
    "size": [ 124, 22 ],
    "controls": [
      {
        "survival@survival_tab_back": {
          "layer": 10,
          "offset": [ 110, 2.5 ]
        }
      },
      {
        "survival@building_blocks_tab_back": {
          "layer": 10,
          "offset": [ 0, 2.5 ]
        }
      },
      {
        "survival@decorations_tab_back": {
          "layer": 10,
          "offset": [ 25, 2.5 ]
        }
      },
      {
        "survival@tools_tab_back": {
          "layer": 10,
          "offset": [ 50, 2.5 ]
        }
      },
      {
        "survival@miscellaneous_tab_front": {
          "layer": 10,
          "offset": [ 75, 2.5 ]
        }
      }
    ]
  },


  //---------------------------------------------------------------------------
  // Player and armor
  //---------------------------------------------------------------------------

  "armor_overlay": {
    "type": "image",
    "layer": 3,
    "size": [ 16, 16 ],
    "uv": [ 0, 0 ],
    "uv_size": [ 16, 16 ],
    "bindings": [
      {
        "binding_name": "#empty_armor_image_visible",
        "binding_name_override": "#visible",
        "binding_type": "collection",
        "binding_collection_name": "$item_collection_name"
      }
    ]
  },

  "armor_overlay_helmet@armor_overlay": {
    "texture": "gui/newgui/empty_armor_slot_helmet.png"
  },

  "armor_overlay_chest@armor_overlay": {
    "texture": "gui/newgui/empty_armor_slot_chestplate.png"
  },

  "armor_overlay_legs@armor_overlay": {
    "texture": "gui/newgui/empty_armor_slot_leggings.png"
  },

  "armor_image_feet@armor_overlay": {
    "texture": "gui/newgui/empty_armor_slot_boots.png"
  },

  "player_armor_panel": {
    "type": "panel",
    "size": [ 88, 83 ],
    "anchor_to": "top_left",
    "anchor_from": "top_left",
    "controls": [
      {
        "player_bg": {
          "type": "image",
          "texture": "gui/newgui/Black.png",
          "size": [ 54, 72 ],
          "uv": [ 0, 0 ],
          "uv_size": [ 2, 2 ],
          "layer": 2,
          "anchor_from": "top_left",
          "anchor_to": "top_left",
          "offset": [ 25, 7 ],
          "controls": [
            {
              "player_renderer": {
                "type": "custom",
                "renderer": "live_player_renderer",
                "size": [ 30, 30 ],
                "layer": 3,
                "anchor_from": "center",
                "anchor_to": "center",
                "offset": [ 15, 0 ]
              }
            }
          ]
        }
      },
      {
        "armor_grid": {
          "type": "grid",
          "layer": 1,
          "size": [ 18, 72 ],
          "anchor_from": "top_left",
          "anchor_to": "top_left",
          "offset": [ 7, 7 ],
          "grid_dimensions": [ 1, 4 ],
          "$item_collection_name": "armor_items",
          "collection_name": "$item_collection_name",
          "controls": [
            {
              "head_grid_item@common.container_grid_item": {
                "grid_position": [ 0, 0 ],
                "$cell_overlay_ref": "crafting.armor_overlay_helmet"
              }
            },
            {
              "chest_grid_item@common.container_grid_item": {
                "grid_position": [ 0, 1 ],
                "$cell_overlay_ref": "crafting.armor_overlay_chest"
              }
            },
            {
              "legs_grid_item@common.container_grid_item": {
                "grid_position": [ 0, 2 ],
                "$cell_overlay_ref": "crafting.armor_overlay_legs"
              }
            },
            {
              "feet_grid_item@common.container_grid_item": {
                "grid_position": [ 0, 3 ],
                "$cell_overlay_ref": "crafting.armor_image_feet"
              }
            }
          ]
        }
      }
    ]
  },

  //---------------------------------------------------------------------------
  // Crafting panels, 2x2 and 3x3
  //---------------------------------------------------------------------------

  "crafting_label": {
    "type": "label",
    "size": [ 1, 1 ],
    "anchor_from": "top_left",
    "anchor_to": "top_left",
    "offset": [ 0, 10 ],
    "alignment": "top_left",
    "text": "container.crafting",
    "color": [ 0.25, 0.25, 0.25, 1.0 ],
    "layer": 2
  },

  "crafting_arrow": {
    "type": "image",
    "layer": 3,
    "texture": "gui/newgui/arrow.png",
    "anchor_from": "top_left",
    "anchor_to": "top_left",
    "size": [ 16, 13 ],
    "uv": [ 0, 0 ],
    "uv_size": [ 16, 13 ]
  },

  "crafting_arrow_large": {
    "type": "image",
    "layer": 3,
    "texture": "gui/newgui/arrow_large.png",
    "anchor_from": "top_left",
    "anchor_to": "top_left",
    "size": [ 22, 15 ],
    "uv": [ 0, 0 ],
    "uv_size": [ 22, 15 ]
  },

  "crafting_input_grid_item@common.container_grid_item": {
    "$item_collection_name": "crafting_input_items"
  },

  "crafting_grid_3x3": {
    "type": "grid",
    "size": [ 54, 54 ],
    "anchor_from": "top_left",
    "anchor_to": "top_left",
    "offset": [ 0, 16 ],
    "grid_dimensions": [ 3, 3 ],
    "grid_item_template": "crafting_input_grid_item",
    "collection_name": "crafting_input_items"
  },

  "crafting_grid_2x2": {
    "type": "grid",
    "size": [ 36, 36 ],
    "anchor_from": "top_left",
    "anchor_to": "top_left",
    "offset": [ 0, 25 ],
    "grid_dimensions": [ 2, 2 ],
    "grid_item_template": "crafting.crafting_input_grid_item",
    "collection_name": "crafting_input_items"
  },

  "work_bench_panel_3x3": {
    "type": "panel",
    "anchor_to": "top_left",
    "anchor_from": "top_left",
    "controls": [
      {
        "@crafting_label": {
          "offset": [ -1, 6 ]
        }
      },
      {
        "@crafting_label": {
          "offset": [ -21, 72 ],
          "alignment": "top_left",
          "text": "container.inventory"
        }
      },
      {
        "@crafting_arrow_large": {
          "offset": [ 61, 35 ]
        }
      },
      { "@crafting_grid_3x3": { } },
      {
        "work_bench_output_grid": {
          "type": "grid",
          "grid_dimensions": [ 1, 1 ],
          "collection_name": "crafting_output_items",
          "controls":  [ 
            {
              "work_bench_output@common.container_item": {
                "offset": [ 94, 34 ],
                "$cell_image_size": [ 26, 26 ],
                "$item_collection_name": "crafting_output_items",
                "$button_ref": "crafting.no_coalesce_container_slot_button"
              }
            }
          ]
        }
      }
    ]
  },

  "crafting_panel_2x2": {
    "type": "panel",
    "size": [ 88, 83 ],
    "anchor_from": "top_middle",
    "anchor_to": "top_left",
    "controls": [
      {
        "@crafting_label": {
          "offset": [ -1, 15 ],
          "alignment": "top_left",
          "text": "container.crafting"
        }
      },
      {
        "@crafting_arrow": {
          "offset": [ 38, 37 ]
        }
      },
      {
        "@crafting_grid_2x2": {
        }
      },
      {
        "survival_crafting_output_grid": {
          "type": "grid",
          "grid_dimensions": [ 1, 1 ],
          "collection_name": "crafting_output_items",
          "controls":  [ 
            {
            "survival_crafting_output@common.container_item": {
              "offset": [ 56, 34 ],
              "$item_collection_name": "crafting_output_items",
              "$button_ref": "crafting.no_coalesce_container_slot_button"
              }
            }
          ]
        }
      }
    ]
  },

  //---------------------------------------------------------------------------
  // Base Panels
  //---------------------------------------------------------------------------

  // Top half of ui, elements specific to survival inventory
  // - player with armor on left
  // - small crafting panel (2x2) on right
  "survival_panel_top_half": {
    "type": "panel",
    "size": [ "100%", "50%" ],
    "anchor_to": "top_left",
    "anchor_from": "top_left",
    "controls": [
      { "@player_armor_panel": { } },
      { "@crafting_panel_2x2": { } }
    ]
  },

  // Top half of ui, elements specific to crafting screen
  // - large crafting panel 3x3 on top half
  "crafting_panel_top_half": {
    "type": "panel",
    "size": [ "100%", "50%" ],
    "anchor_from": "top_left",
    "anchor_to": "top_left"
  },

  //---------------------------------------------------------------------------
  // Screens, survival inventory and crafting
  //---------------------------------------------------------------------------

  "crafting_screen@common.inventory_screen_common": {
    "controls": [
      { "@common.container_gamepad_helpers": { } },
      { "@common.screen_background": { } },
      {
        "@common.root_panel": {
          "layer": 1,
          "controls": [
            { "@common.input_panel": { } },
            { "@common.common_panel": { } },
            {
              "crafting_screen_inventory": {
                "type": "panel",
                "layer": 5,
                "controls": [
                  {
                    "@crafting.crafting_panel_top_half": {
                      "controls": [
                        {
                          "@work_bench_panel_3x3": {
                            "offset": [ 29, 0 ]
                          }
                        }
                      ]
                    }
                  },
                  { "@common.inventory_panel_bottom_half": { } },
                  { "hotbar_grid@common.hotbar_grid_template": { } },
                  { "@common.inventory_take_progress_icon_button": { } }
                ]
              }
            },
            { "@common.inventory_selected_icon_button": { } },
            { "@common.inventory_selected_foil_button": { } }
          ]
        }
      }
    ]
  },

  "grid_item_for_creative_building_blocks@common.container_grid_item": {
    "$item_collection_name": "creative_building_blocks",
    "$button_ref": "crafting.no_coalesce_container_slot_button"
  },

  "grid_item_for_creative_decorations@common.container_grid_item": {
    "$item_collection_name": "creative_decorations",
    "$button_ref": "crafting.no_coalesce_container_slot_button"
  },

  "grid_item_for_creative_tools@common.container_grid_item": {
    "$item_collection_name": "creative_tools",
    "$button_ref": "crafting.no_coalesce_container_slot_button"
  },

  "grid_item_for_creative_miscellaneous@common.container_grid_item": {
    "$item_collection_name": "creative_miscellaneous",
    "$button_ref": "crafting.no_coalesce_container_slot_button"
  },

  "grid_item_for_creative_hotbar@common.container_grid_item": {
    "$stack_count_visible": false,
    "$item_collection_name": "hotbar_items"
  },
  
  "survival_screen@common.inventory_screen_common": {
    "controls": [
      { "@common.container_gamepad_helpers": { } },
      { "@common.screen_background": { } },
      {
        "@common.root_panel": {
          "layer": 1,
          "controls": [
            { "@common.input_panel": { } },
            { "@common.common_panel": { } },
            { "@common.inventory_selected_icon_button": { } },
            { "@common.inventory_selected_foil_button": { } },
            {
              "survival_screen_inventory": {
                "type": "panel",
                "layer": 5,
                "controls": [
                  { "@crafting.survival_panel_top_half": { } },
                  { "@common.inventory_panel_bottom_half": { } },
                  { "hotbar_grid@common.hotbar_grid_template": { } },
                  { "@common.inventory_take_progress_icon_button": { } }

                ]
              }
            }
          ]
        }
      }
    ]
  },

  "scroll_grid": {
    "type": "grid",
    "size": [ "100%", 162 ],
    "layer": 1,
    "anchor_to": "top_left",
    "anchor_from": "top_left"
  },

  "building_blocks_inventory_grid@crafting.scroll_grid": {
    "grid_rescaling_type": "horizontal",
    "maximum_grid_items": 104,
    "grid_item_template": "crafting.grid_item_for_creative_building_blocks",
    "collection_name": "creative_building_blocks"
  },

  "decorations_inventory_grid@crafting.scroll_grid": {
    "grid_rescaling_type": "horizontal",
    "maximum_grid_items": 140,
    "grid_item_template": "crafting.grid_item_for_creative_decorations",
    "collection_name": "creative_decorations"
  },

  "tools_inventory_grid@crafting.scroll_grid": {
    "grid_rescaling_type": "horizontal",
    "maximum_grid_items": 113,
    "grid_item_template": "crafting.grid_item_for_creative_tools",
    "collection_name": "creative_tools"
  },

  "miscellaneous_inventory_grid@crafting.scroll_grid": {
    "grid_rescaling_type": "horizontal",
    "maximum_grid_items": 240,
    "grid_item_template": "crafting.grid_item_for_creative_miscellaneous",
    "collection_name": "creative_miscellaneous"
  },

  "scroll_box_image": {
    "type": "image",
    "nineslice_size": 1.0,
    "texture": "gui/newgui/ScrollBox.png",
    "uv": [ 0, 0 ],
    "uv_size": [ 3, 3 ]
  },
  
  "scroll_bar_side_rails": {
    "type": "image",
    "layer": 1,
    "anchor_from": "top_left",
    "anchor_to": "top_left",
    "nineslice_size": 1.0,
    "texture": "gui/newgui/ScrollGutter.png",
    "uv": [ 0, 0 ],
    "uv_size": [ 3, 3 ]
  },
  
  "scroll_bar_top_bottom": {
    "type": "image",
    "layer": 1,
    "anchor_from": "top_left",
    "anchor_to": "top_left",
    "size": [ "10px", "1px" ],
    "texture": "gui/newgui/border.png",
    "uv": [ 0, 0 ],
    "uv_size": [ 1, 1 ]
  },
    
  "scrollbox_rails": {
    "type": "panel",
    "layer": 10,
    "anchor_to": "top_right",
    "anchor_from": "top_right",
    "controls": [
      {"rails@crafting.scroll_bar_side_rails": {
        "allow_clipping": false
      }},
      { "top@crafting.scroll_bar_top_bottom": {
        "allow_clipping": false
      }},
      { "bottom@crafting.scroll_bar_top_bottom": {
        "allow_clipping": false,
        "offset": [ 0, "100%" ]
      }}
    ]
  },

  "scroller@common.scroll": {
    "layer": 4,
    "anchor_to": "top_right",
    "anchor_from": "top_right",
    "size": "$bar_size",
    "offset": "$bar_offset",
    "content_panel": "$content",
    "scrollbar_box": "box",
    "clips_children" :  true,
    "touch_scroll_box": "touch_box",
    "clips_children": true,
    "controls": [
      {"scroll_sides@crafting.scrollbox_rails": {
        "size": [ "10px", "100%+2px" ],
        "offset": [ 1, -1 ],
        "visible": "$bar_visible"
      }},
      { "box@common.scroll_box": {
          "anchor_to": "top_right",
          "anchor_from": "top_right",
          "allow_clipping" :  true,
          "visible": "$bar_visible",
          "controls": [
            { "@crafting.scroll_box_image": { } }
          ]
      }},
      { "touch_box@common.scroll_box": {
          "anchor_from": "top_right",
          "anchor_to": "top_right",
          "size": [ 2, "100%" ],
          "visible": false,
          "controls": [
            {"@common.new_touch_scrollbar_box_image": { }}
          ]
      }}
    ]
  },
  
  "scroll_content_indent": {
    "type": "image",
    "layer": 1,
    "anchor_from": "top_left",
    "anchor_to": "top_left",
    "size": [ 162, 118 ],
    "offset": [ 7, 20 ],
    "nineslice_size": 2.0,
    "texture": "gui/newgui/Indent.png",
    "uv": [ 0, 0 ],
    "uv_size": [ 5, 5 ]
  },

  "touch_creative_panel": {
    "type": "panel",
    "layer": 2,
    "anchor_from": "top_left",
    "anchor_to": "top_left",
    "size": [ 162, 116 ],
    "clips_children": true,
    "offset": [ 0, 1 ],
    "controls": [
      {
        "$panel_name@crafting.scroller": {
          "$bar_size": [ 2, "100%" ],
          "$bar_offset": [0,0],
          "$bar_visible": false,
          "$touch_bar_visible": true
        }
      },
      { "$content@$grid_list": {
        "offset": [ 0, 0 ]
      }}
    ]
  },
  "regular_creative_panel": {
    "type": "panel",
    "layer": 2,
    "anchor_from": "top_left",
    "anchor_to": "top_left",
    "size": [ 160, 114 ],
    "offset": [ 1, 3 ],
    "clips_children": true,
    "controls": [
      {
        "$panel_name@crafting.scroller": {
          "$bar_size": [ "8px", "100%-4px" ],
          "$bar_offset": [ -3.5 , 1 ],
          "$bar_visible": true,
          "$touch_bar_visible": false
        }
      },
      { "$content@$grid_list": {
        "offset": [ 1, 0 ]
      }}
    ]
  },
  
  "creative_indent_panel": {
    "type": "panel",
    "anchor_from": "top_left",
    "anchor_to": "top_left",
    "controls": [
      {"touch@crafting.touch_creative_panel": { "ignored": "$not_touch" }},
      {"regular@crafting.regular_creative_panel": { "ignored": "$touch" }}
    ]
  },
  
  "building_block_scroll_panel@crafting.creative_indent_panel": {
    "$panel_name": "building_block_pane",
    "$content": "building_block_inventory_list",
    "$grid_list": "crafting.building_blocks_inventory_grid"
  },

  "decorations_scroll_panel@crafting.creative_indent_panel": {
    "$panel_name": "decorations_pane",
    "$content": "decorations_inventory_list",
    "$grid_list": "crafting.decorations_inventory_grid"
  },

  "tools_scroll_panel@crafting.creative_indent_panel": {
    "$panel_name": "tools_pane",
    "$content": "tools_inventory_list",
    "$grid_list": "crafting.tools_inventory_grid"
  },

  "miscellaneous_scroll_panel@crafting.creative_indent_panel": {
    "$panel_name": "miscellaneous_pane",
    "$content": "miscellaneous_inventory_list",
    "$grid_list": "crafting.miscellaneous_inventory_grid"
  },

  "creative_label":{
    "type": "label",
    "size": [ 1, 1 ],
    "anchor_from": "top_left",
    "anchor_to": "top_left",
    "offset": [ 12, 9 ],
    "alignment": "top_left",
    "text": "$label_text",
    "color": [ 0.25, 0.25, 0.25, 1.0 ],
    "layer": 101
  },
  
  "creative_screen@common.inventory_screen_common": {
    "scroll_report": [ "building_block_pane", "decorations_pane", "tools_pane", "miscellaneous_pane" ],
    "controls": [
      { "@common.container_gamepad_helpers": { } },
      { "@common.screen_background": { } },
      {
        "@common.root_panel": {
          "layer": 1,
          "offset": [ 0, 11 ],
          "controls": [
            { "@common.input_panel": { } },
            { "@common.common_panel": { } },
            { "@common.inventory_selected_icon_button": { } },
            { "@common.inventory_selected_foil_button": { } },
            { "@crafting.creative_gamepad_helpers": { } },
            {
              "@crafting.interactive_tabs": {
                "anchor_from": "top_left",
                "anchor_to": "bottom_left",
                "offset": [ 0, 23 ]
              }
            },
            {
              "hold_icon@common.inventory_take_progress_icon_button": {
              }
            },
            {
              "survival_screen_inventory": {
                "visible": false,
                "type": "panel",
                "layer": 5,
                "controls": [
                  {
                    "@crafting.visual_tabs_survival": {
                      "anchor_from": "top_left",
                      "anchor_to": "bottom_left",
                      "offset": [ -50, 1 ]
                    }
                  },
                  { "@crafting.survival_panel_top_half": { } },
                  { "@common.inventory_panel_bottom_half": { } },
                  { "@common.inventory_take_progress_icon_button": { } },
                  { "hotbar_grid@common.hotbar_grid_template": { } }
                ]
              }
            },
            {
              "creative_screen_building_blocks": {
                "visible": true,
                "type": "panel",
                "layer": 5,
                "controls": [
                  {
                    "@crafting.visual_tabs_building_blocks": {
                      "anchor_from": "top_left",
                      "anchor_to": "bottom_left",
                      "offset": [ -50, 1 ]
                    }
                  },
                  { 
                    "@crafting.creative_label": {
                      "$label_text":"craftingScreen.tab.buildingBlocks"
                    }
                  },
                  {
                    "@crafting.scroll_content_indent": {
                      "controls": [
                        { "build_block_scroll_pane@crafting.building_block_scroll_panel": { }}
                      ]
                    }
                  },
                  {
                    "hotbar_grid@common.hotbar_grid_template": {
                      "grid_item_template":"grid_item_for_creative_hotbar"
                    }
                  }
                ]
              }
            },
            {
              "creative_screen_decorations": {
                "visible": false,
                "type": "panel",
                "layer": 5,
                "controls": [
                  {
                    "@crafting.visual_tabs_decorations": {
                      "anchor_from": "top_left",
                      "anchor_to": "bottom_left",
                      "offset": [ -50, 1 ]
                    }
                  },
                  { 
                    "@crafting.creative_label": {
                      "$label_text":"craftingScreen.tab.decorations"
                    }
                  },
                  {
                    "@crafting.scroll_content_indent": {
                      "controls": [
                        { "decorations_scroll_pane@crafting.decorations_scroll_panel": { } }
                      ]
                    }
                  },
                  {
                    "hotbar_grid@common.hotbar_grid_template": {
                      "grid_item_template":"grid_item_for_creative_hotbar"
                    }
                  }
                ]
              }
            },
            {
              "creative_screen_tools": {
                "visible": false,
                "type": "panel",
                "layer": 5,
                "controls": [
                  {
                    "@crafting.visual_tabs_tools": {
                      "anchor_from": "top_left",
                      "anchor_to": "bottom_left",
                      "offset": [ -50, 1 ]
                    }
                  },
                  { 
                    "@crafting.creative_label": {
                      "$label_text":"craftingScreen.tab.tools"
                    }
                  },
                  {
                    "@crafting.scroll_content_indent": {
                      "controls": [
                        { "tools_scroll_pane@crafting.tools_scroll_panel": { } }
                      ]
                    }
                  },
                  {
                    "hotbar_grid@common.hotbar_grid_template": {
                      "grid_item_template":"grid_item_for_creative_hotbar"
                    }
                  }
                ]
              }
            },
            {
              "creative_screen_miscellaneous": {
                "visible": false,
                "type": "panel",
                "layer": 5,
                "controls": [
                  {
                    "@crafting.visual_tabs_miscellaneous": {
                      "anchor_from": "top_left",
                      "anchor_to": "bottom_left",
                      "offset": [ -50, 1 ]
                    }
                  },
                  { 
                    "@crafting.creative_label": {
                      "$label_text":"craftingScreen.tab.miscellaneous"
                    }
                  },
                  {
                    "@crafting.scroll_content_indent": {
                      "controls": [
                        { "miscellaneous_scroll_pane@crafting.miscellaneous_scroll_panel": { } }
                      ]
                    }
                  },
                  {
                    "hotbar_grid@common.hotbar_grid_template": {
                      "grid_item_template":"grid_item_for_creative_hotbar"
                    }
                  }
                ]
              }
            }
          ]
        }
      }
    ]
  }

}
