{
  "namespace": "play",

  //---------------------------------------------------------------------------
  // Common
  //---------------------------------------------------------------------------

  "dark_thin_button": {
    "type": "image",
    "nineslice_size": 4.0,
    "texture": "gui/newgui/play_screen/DarkButtonThinStroke1.png",
    "uv": [ 0, 0 ],
    "uv_size": [ 7, 7 ]
  },

  "normal_stroke_button": {
    "type": "image",
    "nineslice_size": 4.0,
    "texture": "gui/newgui/play_screen/NormalButtonStroke.png",
    "uv": [ 0, 0 ],
    "uv_size": [ 12, 12 ]
  },

  "hover_thin_stroke_button": {
    "type": "image",
    "nineslice_size": 4.0,
    "texture": "gui/newgui/play_screen/HoverButtonThinStroke.png",
    "uv": [ 0, 0 ],
    "uv_size": [ 7, 7 ]
  },

  "hover_thin_button": {
    "type": "image",
    "nineslice_size": 4.0,
    "texture": "gui/newgui/play_screen/HoverButtonThinNewBevel2.png",
    "uv": [ 0, 0 ],
    "uv_size": [ 8, 8 ]
  },

  "pressed_thin_stroke_button": {
    "type": "image",
    "nineslice_size": 4.0,
    "texture": "gui/newgui/play_screen/PressedButtonThinStroke.png",
    "uv": [ 0, 0 ],
    "uv_size": [ 7, 7 ]
  },

  "indent": {
    "type": "image",
    "nineslice_size": 3.0,
    "texture": "gui/newgui/play_screen/Indent2.png",
    "uv": [ 0, 0 ],
    "uv_size": [ 5, 5 ],
    "layer": 3
  },

  "tab_front": {
    "type": "image",
    "texture": "gui/newgui/play_screen/TabFront.png",
    "layer": 2,
    "nineslice_size": 4.0,
    "uv": [ 0, 0 ],
    "uv_size": [ 12, 10 ]
  },

  "tab_front_left@tab_front": {
    "texture": "gui/newgui/play_screen/LeftTabFront.png"
  },

  "tab_front_middle@tab_front": {
    "texture": "gui/newgui/play_screen/MiddleTabFront.png"
  },

  "tab_front_right@tab_front": {
    "texture": "gui/newgui/play_screen/RightTabFront.png"
  },

  "tab_back": {
    "type": "image",
    "texture": "gui/newgui/play_screen/TabBackDarker.png",
    "layer": 2,
    "nineslice_size": 4.0,
    "uv": [ 0, 0 ],
    "uv_size": [ 12, 10 ]
  },

  "tab_text@common.button_text": {
    "alignment": "top_left",
    "offset": [ 7, 7 ],
    "layer": 6
  },

  "tab_count@common.button_text": {
    "alignment": "top_right",
    "offset": [ -4, 5 ],
    "layer": 6
  },

  //---------------------------------------------------------------------------
  // Common Icons
  //---------------------------------------------------------------------------

  "exit_icon": {
    "type": "image",
    "texture": "gui/newgui/X3_ThisOneMostLikely.png",
    "layer": 5,
    "uv": [ 0, 0 ],
    "uv_size": [ 11, 11 ],
    "size": [ 11, 11 ]
  },

  "wrench_icon": {
    "type": "image",
    "texture": "gui/newgui/Wrenches2.png",
    "layer": 5,
    "uv": [ 0, 0 ],
    "uv_size": [ 14, 14 ],
    "size": [ 14, 14 ]
  },

  "worlds_icon": {
    "type": "image",
    "texture": "gui/newgui/World.png",
    "layer": 5,
    "uv": [ 0, 0 ],
    "uv_size": [ 15, 15 ],
    "size": [ 15, 15 ]
  },

  "realms_icon": {
    "type": "image",
    "texture": "gui/newgui/Realms.png",
    "layer": 5,
    "uv": [ 0, 0 ],
    "uv_size": [ 15, 15 ],
    "size": [ 15, 15 ]
  },

  "friends_icon": {
    "type": "image",
    "texture": "gui/newgui/FriendsDiversity.png",
    "layer": 5,
    "uv": [ 0, 0 ],
    "uv_size": [ 14, 14 ],
    "size": [ 14, 14 ]
  },

  "lan_icon": {
    "type": "image",
    "texture": "gui/newgui/Local.png",
    "layer": 5,
    "uv": [ 0, 0 ],
    "uv_size": [ 14, 14 ],
    "size": [ 14, 14 ]
  },

  "xbox_icon": {
    "type": "image",
    "texture": "gui/newgui/xbox4.png",
    "layer": 5,
    "uv": [ 0, 0 ],
    "uv_size": [ 27, 27 ],
    "size": [ 14, 14 ]
  },

  "game_online_icon": {
    "type": "image",
    "texture": "gui/newgui/Dot1.png",
    "layer": 5,
    "uv": [ 0, 0 ],
    "uv_size": [ 9, 9 ],
    "size": [ 9, 9 ]
  },

  "game_offline_icon": {
    "type": "image",
    "texture": "gui/newgui/Dot2.png",
    "layer": 5,
    "uv": [ 0, 0 ],
    "uv_size": [ 9, 9 ],
    "size": [ 9, 9 ]
  },

  "game_unavailable_icon": {
    "type": "image",
    "texture": "gui/newgui/Dot3.png",
    "layer": 5,
    "uv": [ 0, 0 ],
    "uv_size": [ 9, 9 ],
    "size": [ 9, 9 ]
  },

  //---------------------------------------------------------------------------
  // Common Buttons
  //---------------------------------------------------------------------------

  "back_button@common.button": {
    "$pressed_button_name": "button.menu_exit",
    "size": [ "50%", "100%" ],
    "anchor_to": "bottom_right",
    "anchor_from": "bottom_right",
    "layer": 10,
    "controls": [
      {
        "default@common-classic.button_state_default": {
          "controls": [
            {
              "@common.button_text": {
                "text": "gui.back"
              }
            }
          ]
        }
      },
      {
        "hover@common-classic.button_state_hover": {
          "controls": [
            {
              "@common.button_text": {
                "text": "gui.back",
                "color": [ 1.0, 1.0, 0.2 ]
              }
            }
          ]
        }
      },
      {
        "pressed@common-classic.button_state_pressed": {
          "controls": [
            {
              "@common.button_text": {
                "text": "gui.back",
                "color": [ 1.0, 1.0, 0.2 ],
                "alpha": 0.65
              }
            }
          ]
        }
      }
    ]
  },

  //---------------------------------------------------------------------------
  // World List Item
  //---------------------------------------------------------------------------

  "world_list_text": {
    "type": "label",
    "clip": true,
    "color": "$dark_text_color",
    "layer": 1,
    "shadow": true
  },

  "local_world_screenshot": {
    "type": "image",
    "texture": "$local_world_screenshot_border_image",
    "layer": 1,
    "uv": [ 0, 0 ],
    "uv_size": [ 5, 5 ],
    "nineslice_size": 1.0,
    "anchor_from": "left_middle",
    "anchor_to": "left_middle",
    "size": [ "160%y", "100%" ],
    "controls": [
      {
        "picture": {
          "type": "image",
          "texture": "gui/newgui/WorldDemoScreen.png",
          "layer": 1,
          "uv": [ 0, 0 ],
          "uv_size": [ 160, 92 ],
          "size": [ "100%-2px", "100%-2px" ]
        }
      }
    ]
  },

  "local_world_name@world_list_text": {
    "text": "#header",
    "localize": false,
    "size": [ "65%", "100%" ],
    "anchor_from": "top_left",
    "anchor_to": "top_left",
    "alignment": "top_left",
    "color": "$bright_text_color",
    "bindings": [
      {
        "binding_name": "#header",
        "binding_condition": "visible",
        "binding_type": "collection",
        "binding_collection_name": "local_worlds"
      }
    ]
  },

  "local_world_game_mode@world_list_text": {
    "text": "#description_2",
    "size": [ "65%", "100%" ],
    "anchor_from": "bottom_left",
    "anchor_to": "bottom_left",
    "alignment": "bottom_left",
    "bindings": [
      {
        "binding_name": "#description_2",
        "binding_condition": "visible",
        "binding_type": "collection",
        "binding_collection_name": "local_worlds"
      }
    ]
  },

  "local_world_date@world_list_text": {
    "text": "#description_1",
    "size": [ "35%", "100%" ],
    "anchor_from": "top_right",
    "anchor_to": "top_right",
    "alignment": "top_right",
    "bindings": [
      {
        "binding_name": "#description_1",
        "binding_condition": "visible",
        "binding_type": "collection",
        "binding_collection_name": "local_worlds"
      }
    ]
  },

  "local_world_filesize@world_list_text": {
    "text": "#file_size",
    "size": [ "35%", "100%" ],
    "anchor_from": "bottom_right",
    "anchor_to": "bottom_right",
    "alignment": "bottom_right",
    "offset": [ 0, 2 ], // This is a bug in text alignment
    "bindings": [
      {
        "binding_name": "#file_size",
        "binding_condition": "visible",
        "binding_type": "collection",
        "binding_collection_name": "local_worlds"
      }
    ]
  },

  "local_world_text_panel": {
    "type": "panel",
    "size": [ "100%-160%y-2px", "100%-2px" ],
    "anchor_from": "right_middle",
    "anchor_to": "right_middle",
    "layer": 1,
    "controls": [
      { "@local_world_name": { } },
      { "@local_world_game_mode": { } },
      { "@local_world_date": { } },
      { "@local_world_filesize": { } }
    ]
  },

  "local_world_content_panel": {
    "type": "panel",
    "size": [ "100%-6px", "100%-6px" ],
    "offset": "$content_offset",
    "controls": [
      { "@local_world_screenshot": { } },
      { "@local_world_text_panel": { } }
    ]
  },

  "local_world_item_button_state": {
    "type": "panel",
    "anchor_from": "top_left",
    "anchor_to": "top_left",
    "$content_offset": [ 0, 0 ],
    "controls": [
      { "@$button_sprite_control": { } },
      { "@local_world_content_panel": { } }
    ]
  },

  "local_world_item_button_default_state@local_world_item_button_state": {
    "$bright_text_color": [ 1.0, 1.0, 1.0 ],
    "$dark_text_color": [ 0.6, 0.6, 0.6 ],
    "$button_sprite_control": "play.dark_thin_button",
    "$local_world_screenshot_border_image": "gui/newgui/play_screen/Indent2.png"
  },

  "local_world_item_button_hover_state@local_world_item_button_state": {
    "$bright_text_color": [ 1.0, 1.0, 0.2 ],
    "$dark_text_color": [ 0.8, 0.8, 0.16 ],
    "$button_sprite_control": "play.hover_thin_stroke_button",
    "$local_world_screenshot_border_image": "gui/newgui/focusBorder.png"
  },

  "local_world_item_button_pressed_state@local_world_item_button_hover_state": {
    "$content_offset": [ 0, 1 ],
    "$button_sprite_control": "play.pressed_thin_stroke_button"
  },

  "local_world_edit_button_state": {
    "type": "panel",
    "anchor_from": "top_right",
    "anchor_to": "top_right",
    "$content_offset": [ 1, 1 ],
    "controls": [
      { "@$button_sprite_control": { } },
      {
        "@wrench_icon": {
          "offset": "$content_offset",
          "color": "$icon_color"
        }
      }
    ]
  },

  "local_world_edit_button_default_state@local_world_edit_button_state": {
    "$button_sprite_control": "play.dark_thin_button",
    "$icon_color": [ 1.0, 1.0, 1.0 ]
  },

  "local_world_edit_button_hover_state@local_world_edit_button_state": {
    "$button_sprite_control": "play.hover_thin_stroke_button",
    "$icon_color": [ 1.0, 1.0, 0.2 ]
  },

  "local_world_edit_button_pressed_state@local_world_edit_button_hover_state": {
    "$content_offset": [ 1, 2 ],
    "$button_sprite_control": "play.pressed_thin_stroke_button"
  },

  "local_world_item_button@common.button": {
    "$pressed_button_name": "button.menu_local_world_item",
    "size": [ "100%-100%y-4px", "100%" ],
    "anchor_from": "top_left",
    "anchor_to": "top_left",
    "offset": [ 1, 0 ],
    "bindings": [
      {
        "binding_type": "collection_details",
        "binding_collection_name": "local_worlds"
      }
    ],
    "controls": [
      { "default@local_world_item_button_default_state": { } },
      { "hover@local_world_item_button_hover_state": { } },
      { "pressed@local_world_item_button_pressed_state": { } }
    ]
  },

  "local_world_edit_button@common.button": {
    "$pressed_button_name": "button.menu_local_world_item_edit",
    "size": [ "100%y", "100%" ],
    "anchor_from": "top_right",
    "anchor_to": "top_right",
    "offset": [ -3, 0 ],
    "bindings": [
      {
        "binding_type": "collection_details",
        "binding_collection_name": "local_worlds"
      }
    ],
    "controls": [
      { "default@local_world_edit_button_default_state": { } },
      { "hover@local_world_edit_button_hover_state": { } },
      { "pressed@local_world_edit_button_pressed_state": { } }
    ]
  },

  "local_world_item": {
    "type": "grid_item",
    "size": [ "100%", 30 ],
    "layer": 4,
    "controls": [
      { "@local_world_item_button": { } },
      { "@local_world_edit_button": { } }
    ]
  },

  "local_world_item_grid": {
    "type": "grid",
    "grid_item_template": "play.local_world_item",
    "grid_dimension_binding": "#local_world_item_grid_dimension",
    "collection_name": "local_worlds",
    "anchor_to": "top_left",
    "anchor_from": "top_left",
    "bindings": [
      {
        "binding_name": "#local_world_item_grid_dimension"
      }
    ]
  },

  //---------------------------------------------------------------------------
  // Network World Item
  //---------------------------------------------------------------------------

  "network_world_header@world_list_text": {
    "text": "#header",
    "anchor_from": "top_left",
    "anchor_to": "top_left",
    "alignment": "top_left",
    "color": "$bright_text_color",
    "bindings": [
      {
        "binding_name": "#header",
        "binding_condition": "visible",
        "binding_type": "collection",
        "binding_collection_name": "network_worlds"
      }
    ]
  },

  "network_world_details@world_list_text": {
    "text": "#world_details",
    "anchor_from": "bottom_left",
    "anchor_to": "bottom_left",
    "alignment": "bottom_left",
    "bindings": [
      {
        "binding_name": "#world_details",
        "binding_condition": "visible",
        "binding_type": "collection",
        "binding_collection_name": "network_worlds"
      }
    ]
  },

  "network_world_game_type_icon": {
    "type": "panel",
    "controls": [
      {
        "@lan_icon": {
          "bindings": [
            {
              "binding_name": "#game_type_remote",
              "binding_name_override": "#visible",
              "binding_type": "collection",
              "binding_collection_name": "network_worlds"
            }
          ]
        }
      },
      {
        "@xbox_icon": {
          "bindings": [
            {
              "binding_name": "#game_type_xbox_live",
              "binding_name_override": "#visible",
              "binding_type": "collection",
              "binding_collection_name": "network_worlds"
            }
          ]
        }
      }
    ]
  },

  "network_world_player_count@world_list_text": {
    "text": "#player_count",
    "size": [ "100%-13px", 0 ],
    "offset": [ -13, 0 ],
    "anchor_from": "right_middle",
    "anchor_to": "right_middle",
    "alignment": "right_middle",
    "bindings": [
      {
        "binding_name": "#player_count",
        "binding_condition": "visible",
        "binding_type": "collection",
        "binding_collection_name": "network_worlds"
      }
    ]
  },

  "network_world_game_status_icon": {
    "type": "panel",
    "anchor_from": "right_middle",
    "anchor_to": "right_middle",
    "size": [ 9, 9 ],
    "offset": [ -1, 0 ],
    "controls": [
      {
        "@game_online_icon": {
          "bindings": [
            {
              "binding_name": "#game_online",
              "binding_name_override": "#visible",
              "binding_type": "collection",
              "binding_collection_name": "network_worlds"
            }
          ]
        }
      },
      {
        "@game_unavailable_icon": {
          "bindings": [
            {
              "binding_name": "#game_unavailable",
              "binding_name_override": "#visible",
              "binding_type": "collection",
              "binding_collection_name": "network_worlds"
            }
          ]
        }
      },
      {
        "@game_offline_icon": {
          "bindings": [
            {
              "binding_name": "#game_offline",
              "binding_name_override": "#visible",
              "binding_type": "collection",
              "binding_collection_name": "network_worlds"
            }
          ]
        }
      }
    ]
  },

  "network_world_text_panel": {
    "type": "panel",
    "size": [ "100%-2px", "100%-2px" ],
    "layer": 1,
    "controls": [
      { "@network_world_header": { } },
      { "@network_world_details": { } }
    ]
  },

  "network_world_content_text_area_panel": {
    "type": "panel",
    "size": "$network_world_text_area_size",
    "anchor_from": "left_middle",
    "anchor_to": "left_middle",
    "controls": [
      { "@network_world_text_panel": { } }
    ]
  },

  "network_world_content_icon_area_panel": {
    "type": "panel",
    "size": [ "100%y", "100%" ],
    "anchor_from": "left_middle",
    "anchor_to": "left_middle",
    "offset": [ "70%-70%y", 0 ],
    "layer": 1,
    "controls": [
      { "@network_world_game_type_icon": { } }
    ]
  },

  "network_world_content_status_area_panel": {
    "type": "panel",
    "size": [ "30%-30%y", "100%" ],
    "anchor_from": "right_middle",
    "anchor_to": "right_middle",
    "layer": 1,
    "controls": [
      { "@network_world_game_status_icon": { } },
      { "@network_world_player_count": { } }
    ]
  },

  "network_world_content_panel": {
    "type": "panel",
    "size": [ "100%-6px", "100%-6px" ],
    "offset": "$content_offset",
    "controls": [
      { "@network_world_content_text_area_panel": { } },
      { "@network_world_content_icon_area_panel": { } },
      { "@network_world_content_status_area_panel": { } }
    ]
  },

  "network_world_item_button_state": {
    "type": "panel",
    "$content_offset": [ 0, 0 ],
    "controls": [
      { "@$button_sprite_control": { } },
      { "@network_world_content_panel": { } }
    ]
  },

  "network_world_item_button_default_state@network_world_item_button_state": {
    "$button_sprite_control": "play.dark_thin_button",
    "$bright_text_color": [ 1.0, 1.0, 1.0 ],
    "$dark_text_color": [ 0.6, 0.6, 0.6 ]
  },

  "network_world_item_button_hover_state@network_world_item_button_state": {
    "$button_sprite_control": "play.hover_thin_stroke_button",
    "$bright_text_color": [ 1.0, 1.0, 0.2 ],
    "$dark_text_color": [ 0.8, 0.8, 0.16 ]
  },

  "network_world_item_button_pressed_state@network_world_item_button_hover_state": {
    "$button_sprite_control": "play.pressed_thin_stroke_button",
    "$content_offset": [ 1, 1 ]
  },

  "network_world_item_button@common.button": {
    "$pressed_button_name": "button.menu_network_world_item",
    "size": [ "100%-4px", "100%" ],
    "anchor_from": "top_left",
    "anchor_to": "top_left",
    "offset": [ 1, 0 ],
    "bindings": [
      {
        "binding_type": "collection_details",
        "binding_condition": "visible",
        "binding_collection_name": "network_worlds"
      }
    ],
    "controls": [
      { "default@network_world_item_button_default_state": { } },
      { "hover@network_world_item_button_hover_state": { } },
      { "pressed@network_world_item_button_pressed_state": { } }
    ]
  },

  "network_world_remove_button_state": {
    "type": "panel",
    "anchor_from": "top_right",
    "anchor_to": "top_right",
    "$content_offset": [ 0, 0 ],
    "controls": [
      { "@$button_sprite_control": { } },
      {
        "@exit_icon": {
          "offset": "$content_offset",
          "color": "$icon_color"
        }
      }
    ]
  },

  "network_world_remove_button_default_state@network_world_remove_button_state": {
    "$button_sprite_control": "play.dark_thin_button",
    "$icon_color": [ 1.0, 1.0, 1.0 ]
  },

  "network_world_remove_button_hover_state@network_world_remove_button_state": {
    "$button_sprite_control": "play.hover_thin_stroke_button",
    "$icon_color": [ 1.0, 1.0, 0.2 ]
  },

  "network_world_remove_button_pressed_state@network_world_remove_button_hover_state": {
    "$button_sprite_control": "play.pressed_thin_stroke_button",
    "$content_offset": [ 0, 1 ]
  },

  "network_world_remove_button@common.button": {
    "$pressed_button_name": "button.menu_network_world_item_remove",
    "anchor_from": "top_right",
    "anchor_to": "top_right",
    "size": [ "100%y", "100%" ],
    "offset": [ -3, 0 ],
    "bindings": [
      {
        "binding_type": "collection_details",
        "binding_condition": "visible",
        "binding_collection_name": "network_worlds"
      }
    ],
    "controls": [
      { "default@network_world_remove_button_default_state": { } },
      { "hover@network_world_remove_button_hover_state": { } },
      { "pressed@network_world_remove_button_pressed_state": { } }
    ]
  },

  "network_world_item": {
    "type": "grid_item",
    "size": [ "100%", 30 ],
    "layer": 4,
    "controls": [

      // Visible if external server
      // ----------------------------------------------------------------------
      {
        "world_external": {
          "type": "panel",
          "bindings": [
            {
              "binding_name": "#game_type_external",
              "binding_name_override": "#visible",
              "binding_type": "collection",
              "binding_collection_name": "network_worlds"
            }
          ],
          "controls": [
            {
              "@network_world_item_button": {
                "$network_world_text_area_size": [ "70%+30%y", "100%" ],
                "size": [ "100%-100%y-4px", "100%" ]
              }
            },
            { "@network_world_remove_button": { } }
          ]
        }
      },

      // Visible if remote server
      // ----------------------------------------------------------------------
      {
        "world_remote": {
          "type": "panel",
          "bindings": [
            {
              "binding_name": "#game_type_remote",
              "binding_name_override": "#visible",
              "binding_type": "collection",
              "binding_collection_name": "network_worlds"
            }
          ],
          "controls": [
            {
              "@network_world_item_button": {
                "$network_world_text_area_size": [ "70%-70%y", "100%" ],
                "size": [ "100%-4px", "100%" ]
              }
            }
          ]
        }
      },

      // Visible if xbox live server
      // ----------------------------------------------------------------------
      {
        "world_xbox_live": {
          "type": "panel",
          "bindings": [
            {
              "binding_name": "#game_type_xbox_live",
              "binding_name_override": "#visible",
              "binding_type": "collection",
              "binding_collection_name": "network_worlds"
            }
          ],
          "controls": [
            {
              "@network_world_item_button": {
                "$network_world_text_area_size": [ "70%-70%y", "100%" ],
                "size": [ "100%-4px", "100%" ]
              }
            }
          ]
        }
      }
    ]
  },

  "network_world_item_grid": {
    "type": "grid",
    "grid_item_template": "play.network_world_item",
    "grid_dimension_binding": "#network_world_item_grid_dimension",
    "collection_name": "network_worlds",
    "anchor_to": "top_left",
    "anchor_from": "top_left",
    "size": [ "95%-5px", "100%" ],
    "bindings": [
      {
        "binding_name": "#network_world_item_grid_dimension"
      }
    ]
  },

  //---------------------------------------------------------------------------
  // World Tab Content
  //---------------------------------------------------------------------------

  "create_world_button@common.button": {
    "$pressed_button_name": "button.menu_local_world_create",
    "size": "$bottom_button_size",
    "anchor_to": "bottom_left",
    "anchor_from": "bottom_left",
    "layer": 10,
    "controls": [
      {
        "default@common-classic.button_state_default": {
          "controls": [
            {
              "@common.button_text": {
                "text": "selectWorld.newWorld"
              }
            }
          ]
        }
      },
      {
        "hover@common-classic.button_state_hover": {
          "controls": [
            {
              "@common.button_text": {
                "text": "selectWorld.newWorld",
                "color": [ 1.0, 1.0, 0.2 ]
              }
            }
          ]
        }
      },
      {
        "pressed@common-classic.button_state_pressed": {
          "controls": [
            {
              "@common.button_text": {
                "text": "selectWorld.newWorld",
                "color": [ 1.0, 1.0, 0.2 ],
                "alpha": 0.65
              }
            }
          ]
        }
      }
    ]
  },

  "import_world_button@common.button": {
    "size": "$bottom_button_size",
    "anchor_to": "bottom_middle",
    "anchor_from": "bottom_middle",
    "layer": 10,
    "button_mappings": [
      {
        "from_button_id": "button.menu_select",
        "to_button_id": "button.menu_import_level",
        "mapping_type": "pressed"
      },
      {
        "from_button_id": "button.menu_ok",
        "to_button_id": "button.menu_import_level",
        "mapping_type": "focused"
      }
    ],
    "controls": [
      {
        "default@common-classic.button_state_default": {
          "controls": [
            {
              "@common.button_text": {
                "text": "gui.importWorld"
              }
            }
          ]
        }
      },
      {
        "hover@common-classic.button_state_hover": {
          "controls": [
            {
              "@common.button_text": {
                "text": "gui.importWorld",
                "color": [ 1.0, 1.0, 0.2 ]
              }
            }
          ]
        }
      },
      {
        "pressed@common-classic.button_state_pressed": {
          "controls": [
            {
              "@common.button_text": {
                "text": "gui.importWorld",
                "color": [ 1.0, 1.0, 0.2 ],
                "alpha": 0.65
              }
            }
          ]
        }
      }
    ]
  },

  "empty_panel": {
    "type": "panel"
  },

  "worlds_footer": {
    "type": "panel",
    "anchor_to": "bottom_middle",
    "anchor_from": "bottom_middle",
    "size": [ "95%", 28 ],
    "offset": [ 0, -4 ],

    "$import_world": "empty_panel",
    "variables": [
      {
        "requires": "$world_archive_support",
        "$import_world": "import_world_button"
      }
    ],

    "controls": [
      { "create_world_button@create_world_button": { } },
      { "import_world_button@$import_world": { } },
      {
        "back_button@back_button": {
          "size": "$bottom_button_size"
        }
      }
    ]
  },

  "worlds_content": {
    "type": "panel",
    "anchor_from": "top_left",
    "anchor_to": "top_left",
    "size": [ "100%", "100%-20px" ],
    "offset": [ 0, 20 ],
    "layer": 2,
    "controls": [
      {
        "button@normal_stroke_button": {
          "controls": [
            {
              "scrolling_panel@common.scrolling_panel": {
                "$scrolling_pane_size": [ "95%", "100%-40px" ],
                "$scrolling_content": "play.local_world_item_grid",
                "$scoll_pane_name": "local_scroll_pane"
              }
            }
          ]
        }
      },
      { "worlds_footer@worlds_footer": { } }
    ]
  },

  //---------------------------------------------------------------------------
  // Realms Tab Content
  //---------------------------------------------------------------------------

  "learn_more_text_rotating@common.rotating_text": {
    "type": "carousel_label",
    "layer": 6,
    "text": "selectWorld.learnMore",
    "alignment": "center",
    "rotate_speed": 0.0,
    "wrap": true,
    "clip": false
  },

  "realms_item_panel": {
    "type": "panel",
    "anchor_to": "top_middle",
    "anchor_from": "top_middle",
    "size": [ "95%", "100%-40px" ],
    "offset": [ 0, 5 ],
    "controls": [
      {
        "@indent": { }
      },
      {
        "coming_soon": {
          "type": "label",
          "layer": 6,
          "offset": [ 0, "-10%" ],
          "text": "selectWorld.realmsComingSoon",
          "alignment": "center",
          "shadow": true
        }
      }
    ]
  },

  "realms_footer": {
    "type": "panel",
    "anchor_to": "bottom_middle",
    "anchor_from": "bottom_middle",
    "size": [ "95%", 28 ],
    "offset": [ 0, -4 ],
    "controls": [
      {
        "back@back_button": {
          "size": [ "100%", "100%" ],
          "anchor_from": "bottom_middle",
          "anchor_to": "bottom_middle"
        }
      }
    ]
  },

  "realms_content": {
    "type": "panel",
    "anchor_from": "top_left",
    "anchor_to": "top_left",
    "size": [ "100%", "100%-20px" ],
    "offset": [ 0, 20 ],
    "layer": 2,
    "controls": [
      { "items_background@normal_stroke_button": { } },
      { "@realms_item_panel": { } },
      { "@realms_footer": { } }
    ]
  },

  //---------------------------------------------------------------------------
  // Friends Tab Content
  //---------------------------------------------------------------------------

  "add_external_button@common.button": {
    "$pressed_button_name": "button.menu_network_add_external",
    "size": [ "49%", "100%" ],
    "anchor_to": "bottom_left",
    "anchor_from": "bottom_left",
    "layer": 10,
    "controls": [
      {
        "default@common-classic.button_state_default": {
          "controls": [
            {
              "@common.button_text": {
                "text": "externalServerScreen.addServer"
              }
            }
          ]
        }
      },
      {
        "hover@common-classic.button_state_hover": {
          "controls": [
            {
              "@common.button_text": {
                "text": "externalServerScreen.addServer",
                "color": [ 1.0, 1.0, 0.2 ]
              }
            }
          ]
        }
      },
      {
        "pressed@common-classic.button_state_pressed": {
          "controls": [
            {
              "@common.button_text": {
                "text": "externalServerScreen.addServer",
                "color": [ 1.0, 1.0, 0.2 ],
                "alpha": 0.65
              }
            }
          ]
        }
      }
    ]
  },

  "friends_footer": {
    "type": "panel",
    "anchor_to": "bottom_middle",
    "anchor_from": "bottom_middle",
    "size": [ "95%", 28 ],
    "offset": [ 0, -4 ],
    "controls": [
      { "@add_external_button": { } },
      { "@back_button": { } }
    ]
  },

  "friends_content": {
    "type": "panel",
    "anchor_from": "top_left",
    "anchor_to": "top_left",
    "size": [ "100%", "100%-20px" ],
    "offset": [ 0, 20 ],
    "layer": 2,
    "controls": [
      { "@normal_stroke_button": { } },
      {
        "@common.scrolling_panel": {
          "$scrolling_pane_size": [ "95%", "100%-40px" ],
          "$scrolling_content": "play.network_world_item_grid",
          "$scoll_pane_name": "network_scroll_pane"
        }
      },
      { "@friends_footer": { } }
    ]
  },

  //---------------------------------------------------------------------------
  // Tab Pane Definitions
  //---------------------------------------------------------------------------

  "worlds_tab_front@tab_front_left": {
    "anchor_to": "top_left",
    "anchor_from": "top_left",
    "size": "$tab_size",
    "layer": 3,
    "controls": [
      {
        "@worlds_icon": {
          "anchor_from": "right_middle",
          "anchor_to": "right_middle",
          "offset": [ -12, 0 ]
        }
      },
      {
        "@tab_count": {
          "text": "#local_world_item_count",
          "bindings": [
            {
              "binding_name": "#local_world_item_count",
              "binding_condition": "visible"
            }
          ]
        }
      }
    ]
  },

  "worlds_tab_back@tab_back": {
    "anchor_to": "top_left",
    "anchor_from": "top_left",
    "size": "$tab_size",
    "layer": 1,
    "controls": [
      {
        "@worlds_icon": {
          "anchor_from": "right_middle",
          "anchor_to": "right_middle",
          "offset": [ -12, 0 ],
          "layer": 1
        }
      },
      {
        "@tab_count": {
          "text": "#local_world_item_count",
          "layer": 2,
          "bindings": [
            {
              "binding_name": "#local_world_item_count",
              "binding_condition": "visible"
            }
          ]
        }
      }
    ]
  },

  "realms_tab_front@tab_front_middle": {
    "anchor_to": "top_middle",
    "anchor_from": "top_middle",
    "size": "$tab_size",
    "layer": 3,
    "controls": [
      {
        "@realms_icon": {
          "anchor_from": "right_middle",
          "anchor_to": "right_middle",
          "offset": [ -4, 0 ]
        }
      }
    ]
  },

  "realms_tab_back@tab_back": {
    "anchor_to": "top_middle",
    "anchor_from": "top_middle",
    "size": "$tab_size",
    "layer": 1,
    "controls": [
      {
        "@realms_icon": {
          "anchor_from": "right_middle",
          "anchor_to": "right_middle",
          "offset": [ -4, 0 ]
        }
      }
    ]
  },

  "friends_tab_front@tab_front_right": {
    "anchor_to": "top_right",
    "anchor_from": "top_right",
    "size": "$tab_size",
    "layer": 3,
    "controls": [
      {
        "@friends_icon": {
          "anchor_from": "right_middle",
          "anchor_to": "right_middle",
          "offset": [ -12, 0 ]
        }
      },
      {
        "@tab_count": {
          "text": "#network_world_item_count",
          "bindings": [
            {
              "binding_name": "#network_world_item_count",
              "binding_condition": "visible"
            }
          ]
        }
      }
    ]
  },

  "friends_tab_back@tab_back": {
    "anchor_to": "top_right",
    "anchor_from": "top_right",
    "size": "$tab_size",
    "layer": 1,
    "controls": [
      {
        "@friends_icon": {
          "anchor_from": "right_middle",
          "anchor_to": "right_middle",
          "offset": [ -12, 0 ],
          "layer": 1
        }
      },
      {
        "@tab_count": {
          "text": "#network_world_item_count",
          "layer": 2,
          "bindings": [
            {
              "binding_name": "#network_world_item_count",
              "binding_condition": "visible"
            }
          ]
        }
      }
    ]
  },

  "tab_panel": {
    "type": "panel",
    "anchor_to": "top_middle",
    "anchor_from": "top_middle"
  },

  "worlds_tab_panel@tab_panel": {
    "controls": [

      // Tab display
      { "worlds@worlds_tab_front": { } },
      { "realms@realms_tab_back": { } },
      { "friends@friends_tab_back": { } },

      // Content
      { "worlds_content@worlds_content": { } }
    ]
  },

  "realms_tab_panel@tab_panel": {
    "controls": [

      // Tab display
      { "worlds@worlds_tab_back": { } },
      { "realms@realms_tab_front": { } },
      { "friends@friends_tab_back": { } },

      // Content
      { "realms_content@realms_content": { } }
    ]
  },

  "friends_tab_panel@tab_panel": {
    "controls": [

      // Tab display
      { "worlds@worlds_tab_back": { } },
      { "realms@realms_tab_back": { } },
      { "friends@friends_tab_front": { } },

      // Content
      { "friends_content@friends_content": { } }
    ]
  },

  "edu_worlds_tab_panel@tab_panel": {
    "controls": [

      // Tab display
      { "@worlds_tab_front": { } },
      { "@friends_tab_back": { } },

      // Content
      { "@worlds_content": { } }
    ]
  },

  "edu_friends_tab_panel@tab_panel": {
    "controls": [

      // Tab display
      { "@worlds_tab_back": { } },
      { "@friends_tab_front": { } },

      // Content
      { "@friends_content": { } }
    ]
  },

  "trial_tab_panel@tab_panel": {
    "controls": [

      // Tab display
      { "@worlds_tab_front": { } },

      // Content
      { "@worlds_content": { } }
    ]
  },

  //---------------------------------------------------------------------------
  // Screen
  //---------------------------------------------------------------------------

  "screen_common": {
    "type": "screen",
    "button_mappings": [
      {
        "from_button_id": "button.menu_cancel",
        "to_button_id": "button.menu_exit",
        "mapping_type": "global"
      },
      {
        "from_button_id": "button.menu_up",
        "to_button_id": "button.menu_up",
        "mapping_type": "global",
        "scope": "view"
      },
      {
        "from_button_id": "button.menu_down",
        "to_button_id": "button.menu_down",
        "mapping_type": "global",
        "scope": "view"
      },
      {
        "from_button_id": "button.menu_left",
        "to_button_id": "button.menu_left",
        "mapping_type": "global",
        "scope": "view"
      },
      {
        "from_button_id": "button.menu_right",
        "to_button_id": "button.menu_right",
        "mapping_type": "global",
        "scope": "view"
      },
      {
        "from_button_id": "button.menu_tab_left",
        "to_button_id": "button.menu_tab_left",
        "mapping_type": "global",
        "scope": "view"
      },
      {
        "from_button_id": "button.menu_tab_right",
        "to_button_id": "button.menu_tab_right",
        "mapping_type": "global",
        "scope": "view"
      }
    ]
  },

  "realms_control_tab@common.tab": {
    "anchor_to": "top_middle",
    "anchor_from": "top_middle",
    "size": "$tab_size",
    "layer": 10,
    "tab_group": 0,
    "tab_index": 1,
    "tab_content": "realms",
    "controls": [
      {
        "default@play.tab_text": {
          "text": "selectWorld.tab.realms",
          "color": [ 1.0, 1.0, 1.0 ]
        }
      }
    ]
  },

  "empty_tab": {
    "type": "panel"
  },

  "tabs_panel_common": {
    "type": "panel",
    "variables": [
      {
        "requires": "$realms_tab",
        "$realms_tab_control": "realms_control_tab"
      },
      {
        "requires": "$no_realms_tab",
        "$realms_tab_control": "empty_tab"
      }
    ],
    "controls": [
      {
        "world_tab@common.tab": {
          "anchor_to": "top_left",
          "anchor_from": "top_left",
          "size": "$tab_size",
          "layer": 10,
          "tab_group": 0,
          "tab_index": 0,
          "tab_content": "worlds",
          "controls": [
            {
              "default@play.tab_text": {
                "text": "selectWorld.tab.worlds",
                "color": [ 1.0, 1.0, 1.0 ]
              }
            }
          ]
        }
      },
      { "realms@$realms_tab_control": { } },
      {
        "friend_tab@common.tab": {
          "anchor_to": "top_right",
          "anchor_from": "top_right",
          "size": "$tab_size",
          "layer": 10,
          "tab_group": 0,
          "tab_index": 2,
          "tab_content": "friends",
          "controls": [
            {
              "default@play.tab_text": {
                "text": "selectWorld.tab.friends",
                "color": [ 1.0, 1.0, 1.0 ]
              }
            }
          ]
        }
      },
      {
        "gamepad_helpers": {
          "type": "panel",
          "size": [ "100%", 13 ],
          "offset": [ 0, "-50% + 12px" ],
          "controls": [
            {
              "@common.gamepad_helper_left_bumper": {
                "size": [ 27, "100%" ],
                "offset": [ -27, 0 ],
                "anchor_from": "top_left",
                "anchor_to": "top_left"
              }
            },
            {
              "@common.gamepad_helper_right_bumper": {
                "size": [ 27, "100%" ],
                "offset": [ 27, 0 ],
                "anchor_from": "top_right",
                "anchor_to": "top_right"
              }
            }
          ]
        }
      }
    ]
  },

  "trial_panel_common": {
    "type": "panel",
    "controls": [
      {
        "world_tab@common.tab": {
          "anchor_to": "top_left",
          "anchor_from": "top_left",
          "size": "$tab_size",
          "layer": 10,
          "tab_group": 0,
          "tab_index": 0,
          "tab_content": "worlds",
          "controls": [
            {
              "default@play.tab_text": {
                "text": "selectWorld.tab.worlds",
                "color": [ 1.0, 1.0, 1.0 ]
              }
            }
          ]
        }
      }
    ]
  },

  "root_panel_common": {
    "type": "input_panel",
    "anchor_to": "top_middle",
    "anchor_from": "top_middle",
    "size": [ "60%", "94%" ],
    "offset": [ 0, "3%" ],
    "$realms_tab": true,
    "$no_realms_tab": false,
    "$tab_size": [ "33.33%+1px", 24 ],
    "$bottom_button_size": [ "50%-1px", "100%" ],

    "variables": [
      {
        "requires": "$world_archive_support",
        "$bottom_button_size": [ "33%-1px", "100%" ]
      }
    ]
  },

  "default_worlds_panel@root_panel_common": {
    "scroll_report": [ "local_scroll_pane", "network_scroll_pane" ],
    "controls": [
      { "tabs_panel@tabs_panel_common": { } },
      { "worlds@worlds_tab_panel": { "visible": true } },
      { "realms@realms_tab_panel": { "visible": false } },
      { "friends@friends_tab_panel": { "visible": false } }
    ]
  },

  "edu_panel@root_panel_common": {
    "scroll_report": [ "local_scroll_pane", "network_scroll_pane" ],
    "$tab_size": [ "50%+1px", 24 ],
    "$realms_tab": false,
    "$no_realms_tab": true,
    "controls": [
      { "tabs_panel@tabs_panel_common": { } },
      { "worlds@edu_worlds_tab_panel": { "visible": true } },
      { "friends@edu_friends_tab_panel": { "visible": false } }
    ]
  },

  "trial_panel@root_panel_common": {
    "controls": [
      { "tabs_panel@trial_panel_common": { } },
      { "worlds@trial_tab_panel": { "visible": true } }
    ]
  },

  "win10_panel": {
    "type": "panel",
    "variables": [
      {
        "requires": "$not_trial",
        "$main_panel": "default_worlds_panel"
      },
      {
        "requires": "$trial",
        "$main_panel": "trial_panel"
      }
    ],
    "controls": [
      {
        "win10_main_control@$main_panel": { }
      }
    ]
  },

  "screen@screen_common": {
    "type": "screen",
    "variables": [
      {
        "requires": "$not_education_edition",
        "$main_panel": "win10_panel"
      },
      {
        "requires": "$education_edition",
        "$main_panel": "edu_panel"
      }
    ],
    "controls": [
      {
        "main_control@$main_panel": { }
      }
    ]
  }
}
