{
  "namespace": "redstone",
  //---------------------------------------------------------------------------
  // Screens
  //---------------------------------------------------------------------------

  "item_dropper_label": {
    "type": "label",
    "size": [ 1, 1 ],
    "offset": [ 0, 10 ],
    "anchor_from": "top_middle",
    "anchor_to": "top_middle",
    "alignment": "center",
    "color": [ 0.25, 0.25, 0.25, 1.0 ],
    "layer": 2
  },

  "dispenser_label@item_dropper_label": {
    "text": "container.dispenser"
  },

  "dropper_label@item_dropper_label": {
    "text": "container.dropper"
  },

  "hopper_label@item_dropper_label": {
    "offset": [ 7, 7 ],
    "text": "container.hopper",
    "anchor_from": "top_left",
    "anchor_to": "top_left",
    "alignment": "top_left"
  },

  "redstone_input_grid": {
    "type": "grid",
    "size": [ 20, "80%" ],
    "anchor_from": "center",
    "anchor_to": "center",
    "offset": "$grid_offset",
    "grid_dimensions": "$grid_dimensions",
    "collection_name": "container_items",
    "grid_item_template": "common.container_grid_item",
    "$item_collection_name": "container_items"
  },

  "redstone_input_panel": {
    "type": "panel",
    "size": [ "100%", "100%" ],
    "anchor_from": "top_left",
    "anchor_to": "top_left",
    "controls": [
      { "@redstone_input_grid": { } }
    ]
  },

  "redstone_panel_top_half": {
    "type": "panel",
    "size": [ "100%", "50% - 12px" ],
    "offset": [ 0, 7 ],
    "anchor_to": "top_left",
    "anchor_from": "top_left",
    "controls": [
      { "input@redstone_input_panel": { } }
    ]
  },

  "screen": {
    "type": "panel",
    "controls": [
      { "@common.container_gamepad_helpers": { } },
      { "bg@common.screen_background": { } },
      {
        "root_panel@common.root_panel": {
          "layer": 1,
          "size": "$screen_dimensions",
          "controls": [
            { "input_panel@common.input_panel": { } },
            { "common_panel@common.common_panel": { } },
            {
              "redstone_screen_inventory": {
                "type": "panel",
                "layer": 5,
                "controls": [
                  { "red_panel@redstone.redstone_panel_top_half": { } },
                  { "red_bottom_half@common.inventory_panel_bottom_half_with_label": { } },
                  { "hotbar_grid@common.hotbar_grid_template": { } },
                  { "red_hold_icon@common.inventory_take_progress_icon_button": { } }
                ]
              }
            },
            { "red_icon@common.inventory_selected_icon_button": { } },
            { "red_foil@common.inventory_selected_foil_button": { } },
            { "@$screen_label": { } }
          ]
        }
      }
    ]
  },

  "hopper@common.inventory_screen_common": {
    "variables" : [
      {
        "requires" : "$desktop_screen",
        "$screen_label": "redstone.hopper_label",
        "$screen_dimensions": [ 176, 133 ],
        "$grid_dimensions": [ 5, 1 ],
        "$grid_offset": [ 0, -7 ],
        "$visible_screen" : "redstone.screen"
      },
      {
        "requires": "$pocket_screen",
        "$visible_screen" : "pocket_redstone.hopper",        
        "scroll_report": [ "local_scroll_pane" ]
      }
    ],
    "controls" : [
      { "screen@$visible_screen" : {}}
    ]
  },

  "dispenser@common.inventory_screen_common": {
    "variables" : [
      {
        "requires" : "$desktop_screen",
        "$screen_label": "redstone.dispenser_label",
        "$screen_dimensions": [ 176, 166 ],
        "$grid_dimensions": [ 3, 3 ],
        "$grid_offset": [ 0, 0 ],
        "$visible_screen" : "redstone.screen"
      },
      {
        "requires": "$pocket_screen",
        "$visible_screen" : "pocket_redstone.dispenser",
        "scroll_report": [ "local_scroll_pane" ]
      }
    ],
    "controls" : [
      { "screen@$visible_screen" : {}}
    ]
  },

  "dropper@common.inventory_screen_common": {
    "variables" : [
      {
        "requires" : "$desktop_screen",
        "$screen_label": "redstone.dropper_label",
        "$screen_dimensions": [ 176, 166 ],
        "$grid_dimensions": [ 3, 3 ],
        "$grid_offset": [ 0, 0 ],
        "$visible_screen" : "redstone.screen"
      },
      {
        "requires": "$pocket_screen",
        "$visible_screen" : "pocket_redstone.dropper",        
        "scroll_report": [ "local_scroll_pane" ]
      }
    ],
    "controls" : [
      { "screen@$visible_screen" : {}}
    ]
  }
}