{
  "namespace": "xbl_login",

  "language_icon": {
    "type": "image",
    "texture": "gui/newgui/Language16.png",
    "layer": 3,
    "uv": [ 0, 0 ],
    "uv_size": [ 16, 16 ],
    "size": [ 18, 18 ]
  },

  "text_label": {
    "type": "label",
    "shadow": false,
    "layer": 2
  },

  "play_button_text@common.button_text": {
    "text": "menu.play"
  },

  "screen": {
    "type": "screen",
    "button_mappings": [
      {
        "from_button_id": "button.menu_up",
        "to_button_id": "button.menu_up",
        "mapping_type": "global",
        "scope": "view"
      },
      {
        "from_button_id": "button.menu_down",
        "to_button_id": "button.menu_down",
        "mapping_type": "global",
        "scope": "view"
      },
      {
        "from_button_id": "button.menu_left",
        "to_button_id": "button.menu_left",
        "mapping_type": "global",
        "scope": "view"
      },
      {
        "from_button_id": "button.menu_right",
        "to_button_id": "button.menu_right",
        "mapping_type": "global",
        "scope": "view"
      }
    ],
    "controls": [

      {
        "title_panel": {
          "type": "panel",
          "size": [ "55%", "10.6%x" ],
          "offset": [ 0, "10%" ],
          "anchor_from": "top_middle",
          "anchor_to": "top_middle",
          "controls": [
            {
              "title_image": {
                "type": "image",
                "layer": 1,
                "texture": "gui/titleOriginal.png",
                "uv": [ 0, 0 ],
                "uv_size": [ 1936, 375 ]
              }
            }
          ]
        }
      },
      {
        "copyright@text_label": {
          "alignment": "bottom_left",
          "text": "menu.copyright"
        }
      },
      {
        "development_version@text_label": {
          "alignment": "bottom_middle",
          "text": "#development_version",
          "bindings": [
            { 
              "binding_name": "#development_version",
              "binding_condition": "visible"
            }
          ]
        }
      },
      {
        "version@text_label": {
          "alignment": "bottom_right",
          "text": "#version",
          "bindings": [
            { 
              "binding_name": "#version",
              "binding_condition": "visible"
            }
          ]
        }
      },
      {
        "language@common.button": {
          "$pressed_button_name": "button.menu_language",
          "size": [ 24, 24 ],
          "offset": [ "-5%", "-10%" ],
          "anchor_to": "bottom_right",
          "anchor_from": "bottom_right",
          "controls": [
            {
              "default@common.button_state_default": {
                "controls": [
                  { "@xbl_login.language_icon": { } }
                ]
              }
            },
            {
              "hover@common.button_state_hover": {
                "controls": [
                  { "@xbl_login.language_icon": { } }
                ]
              }
            },
            {
              "pressed@common.button_state_pressed": {
                "controls": [
                  { "@xbl_login.language_icon": { } }
                ]
              }
            }
          ]
        }
      },
      {
        "message_panel": {
          "type": "panel",
          "size": [ "80%", "20%" ],
          "controls": [
            {
              "messageline1": {
                "type": "label",
                "shadow": true,
                "wrap": true,
                "alignment": "top_middle",
                "text": "xbox.signin.error"
              }
            }
          ]
        }
      },
      {
        "button_panel": {
          "type": "panel",
          "anchor_to": "bottom_middle",
          "anchor_from": "bottom_middle",
          "size": [ "35%", "13%" ],
          "offset": [ 0, "-10%" ],
          "controls": [
            {
              "play@common.button": {
                "size": [ "100%", "100%" ],
                "$pressed_button_name": "button.menu_play",
                "controls": [
                  {
                    "default@common.button_state_default": {
                      "controls": [
                        { "@xbl_login.play_button_text": { } }
                      ]
                    }
                  },
                  {
                    "hover@common.button_state_hover": {
                      "controls": [
                        {
                          "@xbl_login.play_button_text": {
                            "color": [ 1.0, 1.0, 0.2 ]
                          }
                        }
                      ]
                    }
                  },
                  {
                    "pressed@common.button_state_pressed": {
                      "controls": [
                        {
                          "@xbl_login.play_button_text": {
                            "color": [ 1.0, 1.0, 0.2 ],
                            "alpha": 0.65
                          }
                        }
                      ]
                    }
                  }
                ]
              }
            }
          ]
        }
      }
    ]
  }
}
