{
  "general": {
    "userAgentRegexes": [],
    "replaceStrings": [],
    "deviceRegKey": "pkvv6aygg3kvw5bwvnnnd8myc0",
    "publicKey": "wdobe",
    "appName": "Meet King",
    "useWKWebView": true,
    "userAgentAdd": "gonative",
    "initialUrl": "http://meetking.net",
    "iosBundleId": "net.king.meet.app",
    "androidPackageName": "net.king.meet.app"
  },
  "navigation": {
    "androidPullToRefresh": true,
    "iosPullToRefresh": true,
    "tabNavigation": {
      "tabSelectionConfig": [
        {
          "id": "1",
          "regex": ""
        }
      ],
      "tabMenus": [
        {
          "id": "1",
          "items": [
            {
              "subLinks": []
            }
          ]
        }
      ],
      "active": false
    },
    "sidebarNavigation": {
      "menuSelectionConfig": {
        "redirectLocations": [
          {
            "regex": null,
            "menuName": "default",
            "loggedIn": false
          },
          {
            "regex": ".*",
            "menuName": "default",
            "loggedIn": true
          }
        ]
      },
      "menus": [
        {
          "name": "default",
          "active": false,
          "items": [
            {
              "label": "People",
              "url": "http://meetking.net/m/search_results.php",
              "icon": null,
              "subLinks": []
            },
            {
              "label": "Chats",
              "url": "http://meetking.net/m/messages.php",
              "icon": null,
              "subLinks": []
            },
            {
              "label": "Friends",
              "url": "http://meetking.net/m/my_friends.php",
              "icon": null,
              "subLinks": []
            },
            {
              "label": "Profile Visitors",
              "url": "http://meetking.net/m/users_viewed_me.php",
              "icon": null,
              "subLinks": []
            },
            {
              "label": "Want to meet you",
              "url": "http://meetking.net/m/mutual_attractions.php",
              "icon": null,
              "subLinks": []
            },
            {
              "label": "Upgrades",
              "url": "http://meetking.net/m/upgrade.php",
              "subLinks": []
            },
            {
              "label": "Preferences",
              "url": "http://meetking.net/m/profile_settings.php",
              "icon": null,
              "subLinks": []
            },
            {
              "label": "Settings",
              "url": "http://meetking.net/m/profile_settings.php",
              "icon": null,
              "subLinks": []
            }
          ]
        },
        {
          "name": "loggedIn",
          "active": false,
          "items": [
            {
              "label": "Sample Home",
              "url": "http://meetking.net/m/join.php?cmd=please_login",
              "subLinks": []
            },
            {
              "label": "Info",
              "url": "http://meetking.net/m/info.php?page=term_cond&lang=default",
              "subLinks": []
            }
          ]
        }
      ]
    },
    "regexInternalExternal": {
      "rules": [
        {
          "regex": "mailto:.*",
          "internal": false
        },
        {
          "regex": "https?://([-\\w]+\\.)*facebook\\.com/login.php.*",
          "internal": true
        },
        {
          "regex": "https?://([-\\w]+\\.)*facebook\\.com/dialog.*",
          "internal": true
        },
        {
          "regex": "https?://([-\\w]+\\.)*facebook\\.com/v1\\.0/.*",
          "internal": true
        },
        {
          "regex": "https?://([-\\w]+\\.)*facebook\\.com/oauth.*",
          "internal": true
        },
        {
          "regex": "https?://([-\\w]+\\.)*facebook\\.com/v2\\.0/.*",
          "internal": true
        },
        {
          "regex": "https?://([-\\w]+\\.)*facebook\\.com/checkpoint.*",
          "internal": true
        },
        {
          "regex": "https?://([-\\w]+\\.)*facebook\\.com.*",
          "internal": true
        },
        {
          "regex": "https?://([-\\w]+\\.)*plus\\.google\\.com/share.*",
          "internal": false
        },
        {
          "regex": "https?://([-\\w]+\\.)*twitter\\.com/.*",
          "internal": false
        },
        {
          "regex": "https?://([-\\w]+\\.)*instagram\\.com/.*",
          "internal": false
        },
        {
          "regex": "https?://maps\\.google\\.com.*",
          "internal": false
        },
        {
          "regex": "https?://([-\\w]+\\.)*linkedin\\.com/.*",
          "internal": false
        },
        {
          "regex": "https?://([-\\w]+\\.)*google\\.com/maps/search/.*",
          "internal": false
        },
        {
          "regex": ".*",
          "internal": true
        }
      ],
      "active": false
    },
    "navigationTitles": {
      "titles": [
        {}
      ],
      "active": false
    },
    "redirects": [],
    "ignorePageFinishedRegexes": [],
    "toolbarNavigation": null,
    "navigationLevels": {
      "levels": [
        {}
      ],
      "active": false
    },
    "iosShowRefreshButton": true,
    "androidShowRefreshButton": true
  },
  "styling": {
    "transitionInteractiveDelayMax": 0.2,
    "menuAnimationDuration": 0.15,
    "iosLaunchImages": {
      "ios_launch_2208x1242": "uploads/1452956766441_2b596cy9d53uc_2208x1242.png",
      "ios_launch_1242x2208": "uploads/1452956766413_bz0aynnez0q8g_1242x2208.png",
      "ios_launch_750x1334": "uploads/1452956766382_qz237cyyu5jzj_750x1334.png",
      "ios_launch_2048x1536": "uploads/1452956766363_n0w4vhrwaed94_2048x1536.png",
      "ios_launch_1536x2048": "uploads/1452956766331_35715ztn2cydm_1536x2048.png",
      "ios_launch_1024x768": "uploads/1452956766324_3c4j21cuexrdu_1024x768.png",
      "ios_launch_768x1024": "uploads/1452956766313_fmfau9xyqhwbw_768x1024.png",
      "ios_launch_640x1136": "uploads/1452956766307_xvvunk57d2phy_640x1136.png",
      "ios_launch_640x960": "uploads/1452956766301_1w3crf125adhg_640x960.png"
    },
    "androidShowSplash": false,
    "disableAnimations": false,
    "hideWebviewAlpha": 0.5,
    "forceViewportWidth": null,
    "androidStatusBarBackgroundColor": "#0d1224",
    "navigationTitleImage": false,
    "iosSidebarTextColor": "#333333",
    "iosTintColor": "#0091fe",
    "iosTitleColor": "#333333",
    "androidTabBarIndicatorColor": "#000000",
    "androidTabBarTextColor": "#000000",
    "androidTabBarBackgroundColor": "#bdbdbd",
    "androidSidebarSeparatorColor": "#3a3f51",
    "androidAccentColor": "#3a3f51",
    "androidPullToRefreshColor": "#3a3f51",
    "androidActionBarForegroundColor": "#FFFFFF",
    "androidActionBarBackgroundColor": "#3a3f51",
    "androidSidebarForegroundColor": "#fff",
    "androidSidebarBackgroundColor": "#3a3f51",
    "androidTheme": "light",
    "iosTheme": "light",
    "androidHideTitleInActionBar": false,
    "iosSidebarFont": "Default",
    "showNavigationBar": true,
    "showActionBar": true,
    "iosHeaderImage": "/uploads/1447274736678_rk8bykut1j71g_favorite21__1_.png",
    "icon": "uploads/1452956752861_btzr9gzvrx4ge_favorite21__3_.png",
    "androidLaunchImages": {
      "mdpi": "uploads/1443992530298_ezukuq90tmve4_180x180.9.png",
      "hdpi": "uploads/1443992530309_3kk5zmmqr9v76_270x270.9.png",
      "xhdpi": "uploads/1443992530319_fnc3ua2anpcd6_360x360.9.png",
      "xxhdpi": "uploads/1443992530331_gt5u6k1ha0b8m_540x540.9.png",
      "xxxhdpi": "uploads/1443992530341_66kdq1f9fvjde_720x720.9.png"
    },
    "androidNotificationIcon": "/uploads/1452956885332_2t1cytc6n991p_favorite21__3_.png"
  },
  "forms": {
    "interceptForms": {
      "forms": []
    },
    "search": {
      "active": false
    },
    "loginConfig": {
      "formInputs": [],
      "loginIsFirstPage": false,
      "formSelector": null,
      "active": false
    },
    "signupConfig": {
      "formInputs": [],
      "formSelector": null,
      "active": false
    }
  },
  "permissions": {
    "usesGeolocation": true
  },
  "publishing": {},
  "performance": {
    "webviewPools": [
      {
        "urls": [
          {
            "disown": "reload"
          }
        ]
      }
    ]
  },
  "services": {
    "push": {
      "active": true
    },
    "analytics": {
      "idsite_test": 32159,
      "idsite_prod": 32158,
      "active": false
    }
  }
}