{
  "geometry.creeper": {
    "texturewidth": 64,
    "textureheight": 32,

    "bones": [
      {
        "name": "body",
        "cubes": [
          {
            "origin":[-4.0, 6.0, -2.0],
            "size": [ 8, 12, 4 ],
            "uv": [ 16, 16 ]
          }
        ]
      },

      {
        "name": "head",
        "pivot":[0.0, 18.0, 0.0],
        "cubes": [
          {
            "origin":[-4.0, 18.0, -4.0],
            "size": [ 8, 8, 8 ],
            "uv": [ 0, 0 ]
          }
        ]
      },

      {
        "name": "leg0",
        "pivot":[-2.0, 6.0, 4.0],
        "cubes": [
          {
            "origin":[-4.0, 0.0, 2.0],
            "size": [ 4, 6, 4 ],
            "uv": [ 0, 16 ]
          }
        ]
      },

      {
        "name": "leg1",
        "pivot":[2.0, 6.0, 4.0],
        "cubes": [
          {
            "origin":[0.0, 0.0, 2.0],
            "size": [ 4, 6, 4 ],
            "uv": [ 0, 16 ]
          }
        ]
      },

      {
        "name": "leg2",
        "pivot":[-2.0, 6.0, -4.0],
        "cubes": [
          {
            "origin":[-4.0, 0.0, -6.0],
            "size": [ 4, 6, 4 ],
            "uv": [ 0, 16 ]
          }
        ]
      },

      {
        "name": "leg3",
        "pivot":[2.0, 6.0, -4.0],
        "cubes": [
          {
            "origin":[0.0, 0.0, -6.0],
            "size": [ 4, 6, 4 ],
            "uv": [ 0, 16 ]
          }
        ]
      }
    ]
  },

  "geometry.creeper.charged:geometry.creeper": {
    "texturewidth": 64,
    "textureheight": 32,

    "bones": [
      {
        "name": "body",
		"inflate":2.0,
		"material":"charged"
      },

      {
        "name": "head",
		"inflate":2.0,
		"material":"charged"
      },

      {
        "name": "leg0",
		"inflate":2.0,
		"material":"charged"
      },

      {
        "name": "leg1",
		"inflate":2.0,
		"material":"charged"
      },

      {
        "name": "leg2",
		"inflate":2.0,
		"material":"charged"
      },

      {
        "name": "leg3",
		"inflate":2.0,
		"material":"charged"
      }
    ]
  },

  "geometry.enderman:geometry.humanoid": {
    "texturewidth": 64,
    "textureheight": 32,

    "bones": [
      {
        "name": "hat",
        "reset": "true",
        "pivot":[0.0, 38.0, 0.0],
		"cubes": [
          {
            "origin":[-4.0, 38.0, -4.0],
            "size": [ 8, 8, 8 ],
            "uv": [ 0, 16 ],
            "inflate": -0.5
          }
        ],
        "material": "alpha"
      },

      {
        "name": "head",
        "pivot":[0.0, 24.0, 0.0],
		"material": "emissive"
      },

      {
        "name": "body",
        "reset": "true",
        "pivot":[0.0, 38.0, 0.0],
		"cubes": [
          {
            "origin":[-4.0, 26.0, -2.0],
            "size": [ 8, 12, 4 ],
            "uv": [ 32, 16 ]
          }
        ]
      },

      {
        "name": "rightArm",
        "reset": "true",
        "mirror": "false",
        "pivot":[-3.0, 36.0, 0.0],
		"cubes": [
          {
            "origin":[-4.0, 8.0, -1.0],
            "size": [ 2, 30, 2 ],
            "uv": [ 56, 0 ]
          }
        ]
      },

      {
        "name": "leftArm",
        "reset": "true",
        "mirror": "true",
        "pivot":[5.0, 36.0, 0.0],
		"cubes": [
          {
            "origin":[4.0, 8.0, -1.0],
            "size": [ 2, 30, 2 ],
            "uv": [ 56, 0 ]
          }
        ]
      },

      {
        "name": "rightLeg",
        "reset": "true",
        "mirror": "false",
        "pivot":[-2.0, 26.0, 0.0],
		"cubes": [
          {
            "origin":[-3.0, -4.0, -1.0],
            "size": [ 2, 30, 2 ],
            "uv": [ 56, 0 ]
          }
        ]
      },

      {
        "name": "leftLeg",
        "reset": "true",
        "mirror": "true",
        "pivot":[2.0, 26.0, 0.0],
		"cubes": [
          {
            "origin":[1.0, -4.0, -1.0],
            "size": [ 2, 30, 2 ],
            "uv": [ 56, 0 ]
          }
        ]
      }
    ]
  },

	"geometry.zombie:geometry.humanoid": {
		"texturewidth": 64,
		"textureheight": 32
	},

	"geometry.humanoid.armor1:geometry.zombie":{
		"bones":[
      {
        "name": "head",
        "inflate": 1.0
      },

      {
        "name": "body",
        "inflate": 1.0
      },

      {
        "name": "rightArm",
        "inflate": 1.0
      },

      {
        "name": "leftArm",
        "inflate": 1.0
      },

      {
        "name": "rightLeg",
        "inflate": 1.0
      },

      {
        "name": "leftLeg",
        "inflate": 1.0
      }
		]
	},
  
	"geometry.humanoid.armor2:geometry.zombie":{
		"bones":[
      {
        "name": "head",
        "inflate": 0.5
      },

      {
        "name": "body",
        "inflate": 0.5
      },

      {
        "name": "rightArm",
        "inflate": 0.5
      },

      {
        "name": "leftArm",
        "inflate": 0.5
      },

      {
        "name": "rightLeg",
        "inflate": 0.5
      },

      {
        "name": "leftLeg",
        "inflate": 0.5
      }
		]
	},
  
	"geometry.pigzombie:geometry.humanoid":{
		"texturewidth": 64,
		"textureheight": 32,

		"bones":[
			{
				"name":"hat",
				"neverRender":false,
				"material":"alpha"
			}
		]
	},

	"geometry.pigzombie.baby:geometry.pigzombie":{

		"bones":[
			{
				"name":"hat",
				"neverRender":true,
				"material":"alpha"
			}
		]
	},
  
	"geometry.skeleton:geometry.zombie":{
		"bones":[
			{
				"name":"rightArm",
				"reset":"true",
				"pivot":[-5.0, 22.0, 0.0],
				"cubes":[
					{
						"origin":[-6.0, 12.0, -1.0],
						"size":[2, 12, 2],
						"uv":[40, 16]
					}
				]
			},

			{
				"name":"leftArm",
				"reset":"true",
				"pivot":[5.0, 22.0, 0.0],
				"cubes":[
					{
						"origin":[4.0, 12.0, -1.0],
						"size":[2, 12, 2],
						"uv":[40, 16]
					}
				],
				"mirror":"true"
			},

			{
				"name":"rightLeg",
				"reset":"true",
				"pivot":[-2.0, 12.0, 0.0],
				"cubes":[
					{
						"origin":[-3.0, 0.0, -1.0],
						"size":[2, 12, 2],
						"uv":[0, 16]
					}
				]
			},
			
			{
				"name":"leftLeg",
				"reset":"true",
				"pivot":[2.0, 12.0, 0.0],
				"cubes":[
					{
						"origin":[1.0, 0.0, -1.0],
						"size":[2, 12, 2],
						"uv":[0, 16]
					}
				],
				"mirror":"true"
			},
			
			{
				"name":"body",
				"material":"alpha"
			}
		]
	},

	"geometry.squid":{
		"texturewidth": 64,
		"textureheight": 32,

		"bones":[
			{
				"name":"body",
				"cubes":[
					{
						"origin":[-6, -8, -6],
						"size":[12, 16, 12],
						"uv":[0, 0]
					}
				]
			},
			
			{
				"name":"tentacle1",
				"pivot":[5.0, -7.0, 0.0],
				"cubes":[
					{
						"origin":[4.0, -25.0, -1.0],
						"size":[2, 18, 2],
						"uv":[48, 0]
					}
				],
				"rotation":[0, 90, 0]
			},

			{
				"name":"tentacle2",
				"pivot":[3.5, -7.0, 3.5],
				"cubes":[
					{
						"origin":[2.5, -25.0, 2.5],
						"size":[2, 18, 2],
						"uv":[48, 0]
					}
				],
				"rotation":[0, 45, 0]
			},

			{
				"name":"tentacle3",
				"pivot":[0.0, -7.0, 5.0],
				"cubes":[
					{
						"origin":[-1.0, -25.0, 4.0],
						"size":[2, 18, 2],
						"uv":[48, 0]
					}
				],
				"rotation":[0, 0, 0]
			},

			{
				"name":"tentacle4",
				"pivot":[-3.5, -7.0, 3.5],
				"cubes":[
					{
						"origin":[-4.5, -25.0, 2.5],
						"size":[2, 18, 2],
						"uv":[48, 0]
					}
				],
				"rotation":[0, -45, 0]
			},

			{
				"name":"tentacle5",
				"pivot":[-5.0, -7.0, 0.0],
				"cubes":[
					{
						"origin":[-6.0, -25.0, -1.0],
						"size":[2, 18, 2],
						"uv":[48, 0]
					}
				],
				"rotation":[0, -90, 0]
			},

			{
				"name":"tentacle6",
				"pivot":[-3.5, -7.0, -3.5],
				"cubes":[
					{
						"origin":[-4.5, -25.0, -4.5],
						"size":[2, 18, 2],
						"uv":[48, 0]
					}
				],
				"rotation":[0, -135, 0]
			},

			{
				"name":"tentacle7",
				"pivot":[0.0, -7.0, -5.0],
				"cubes":[
					{
						"origin":[-1.0, -25.0, -6.0],
						"size":[2, 18, 2],
						"uv":[48, 0]
					}
				],
				"rotation":[0, -180, 0]
			},

			{
				"name":"tentacle8",
				"pivot":[3.5, -7.0, -3.5],
				"cubes":[
					{
						"origin":[2.5, -25.0, -4.5],
						"size":[2, 18, 2],
						"uv":[48, 0, 0]
					}
				],
				"rotation":[0, -225, 0]
			}
		]
	},

	"geometry.spider": {
		"texturewidth": 64,
		"textureheight": 32,

		"bones":[
			{
				"name":"head",
				"pivot":[0.0, 9.0, -3.0],
				"cubes":[
					{
						"origin":[-4.0, 5.0, -11.0],
						"size":[8, 8, 8],
						"uv":[32, 4]
					}
				],
				"material":"emissive"
			},
			
			{
				"name":"body0",
				"pivot":[0.0, 9.0, 0.0],
				"cubes":[
					{
						"origin":[-3.0, 6.0, -3.0],
						"size":[6, 6, 6],
						"uv":[0, 0]
					}
				]
			},
			
			{
				"name":"body1",
				"pivot":[0.0, 9.0, 9.0],
				"cubes":[
					{
						"origin":[-5.0, 5.0, 3.0],
						"size":[10, 8, 12],
						"uv":[0, 12]
					}
				]
			},
			
			{
				"name":"leg0",
				"pivot":[-4.0, 9.0, 2.0],
				"cubes":[
					{
						"origin":[-19.0, 8.0, 1.0],
						"size":[16, 2, 2],
						"uv":[18, 0]
					}
				]
			},

			{
				"name":"leg1",
				"pivot":[4.0, 9.0, 2.0],
				"cubes":[
					{
						"origin":[3.0, 8.0, 1.0],
						"size":[16, 2, 2],
						"uv":[18, 0]
					}
				]
			},

			{
				"name":"leg2",
				"pivot":[-4.0, 9.0, 1.0],
				"cubes":[
					{
						"origin":[-19.0, 8.0, 0.0],
						"size":[16, 2, 2],
						"uv":[18, 0]
					}
				]
			},

			{
				"name":"leg3",
				"pivot":[4.0, 9.0, 1.0],
				"cubes":[
					{
						"origin":[3.0, 8.0, 0.0],
						"size":[16, 2, 2],
						"uv":[18, 0]
					}
				]
			},

			{
				"name":"leg4",
				"pivot":[-4.0, 9.0, 0.0],
				"cubes":[
					{
						"origin":[-19.0, 8.0, -1.0],
						"size":[16, 2, 2],
						"uv":[18, 0]
					}
				]
			},

			{
				"name":"leg5",
				"pivot":[4.0, 9.0, 0.0],
				"cubes":[
					{
						"origin":[3.0, 8.0, -1.0],
						"size":[16, 2, 2],
						"uv":[18, 0]
					}
				]
			},

			{
				"name":"leg6",
				"pivot":[-4.0, 9.0, -1.0],
				"cubes":[
					{
						"origin":[-19.0, 8.0, -2.0],
						"size":[16, 2, 2],
						"uv":[18, 0]
					}
				]
			},

			{
				"name":"leg7",
				"pivot":[4.0, 9.0, -1.0],
				"cubes":[
					{
						"origin":[3.0, 8.0, -2.0],
						"size":[16, 2, 2],
						"uv":[18, 0]
					}
				]
			}
		]
	},
	
	"geometry.quadruped":{ 
	
		"bones":[
			{
				"name":"body",
				"pivot":[0.0, 19.0, 2.0],
				"cubes":[
					{
						"origin":[-5.0, 13.0, -5.0],
						"size":[10, 16, 8],
						"uv":[28, 8]
					}
				]
			},

			{
				"name":"head",
				"pivot":[0.0, 18.0, -6.0],
				"cubes":[
					{
						"origin":[-4.0, 14.0, -14.0],
						"size":[8, 8, 8],
						"uv":[0, 0]
					}
				]
			},
			
			{
				"name":"leg0",
				"pivot":[-3.0, 12.0, 7.0],
				"cubes":[
					{
						"origin":[-5.0, 0.0, 5.0],
						"size":[4, 12, 4],
						"uv":[0, 16]
					}
				]
			},

			{
				"name":"leg1",
				"pivot":[3.0, 12.0, 7.0],
				"cubes":[
					{
						"origin":[1.0, 0.0, 5.0],
						"size":[4, 12, 4],
						"uv":[0, 16]
					}
				]
			},
			
			{
				"name":"leg2",
				"pivot":[-3.0, 12.0, -5.0],
				"cubes":[
					{
						"origin":[-5.0, 0.0, -7.0],
						"size":[4, 12, 4],
						"uv":[0, 16]
					}
				]
			},

			{
				"name":"leg3",
				"pivot":[3.0, 12.0, -5.0],
				"cubes":[
					{
						"origin":[1.0, 0.0, -7.0],
						"size":[4, 12, 4],
						"uv":[0, 16]
					}
				]
			}
		]
	},	

	"geometry.cow:geometry.quadruped":{ 
		"texturewidth":64,
		"textureheight":32,
		"bones":[
			{
				"name":"body",
				"reset":true,
				"pivot":[0.0, 19.0, 2.0],
				"cubes":[
					{
						"origin":[-6.0, 11.0, -5.0],
						"size":[12, 18, 10],
						"uv":[18, 4]
					},
					{
						"origin":[-2.0, 11.0, -6.0],
						"size":[4, 6, 1],
						"uv":[52, 0]
					}
				]
			},

			{
				"name":"head",
				"reset":true,
				"pivot":[0.0, 20.0, -8.0],
				"cubes":[
					{
						"origin":[-4.0, 16.0, -14.0],
						"size":[8, 8, 6],
						"uv":[0, 0]
					},
					{
						"origin":[-5.0, 22.0, -12.0],
						"size":[1, 3, 1],
						"uv":[22, 0]
					},
					{
						"origin":[4.0, 22.0, -12.0],
						"size":[1, 3, 1],
						"uv":[22, 0]
					}
				]
			},
			
			{
				"name":"leg0",
				"pivot":[-4.0, 12.0, 7.0]
			},

			{
				"name":"leg1",
				"pivot":[4.0, 12.0, 7.0]
			},
			
			{
				"name":"leg2",
				"pivot":[-4.0, 12.0, -6.0]
			},

			{
				"name":"leg3",
				"pivot":[4.0, 12.0, -6.0]
			}
		]
	},	

	"geometry.sheep.sheared:geometry.quadruped":{ 
	
		"bones":[
			{
				"name":"body",
				"reset":true,
				"pivot":[0.0, 19.0, 2.0],
				"cubes":[
					{
						"origin":[-4.0, 13.0, -5.0],
						"size":[8, 16, 6],
						"uv":[28, 8]
					}
				],
				"material":"changecolor"
			},

			{
				"name":"head",
				"reset":true,
				"pivot":[0.0, 18.0, -8.0],
				"cubes":[
					{
						"origin":[-3.0, 16.0, -14.0],
						"size":[6, 6, 8],
						"uv":[0, 0]
					}
				],
				"material":"changecolor"
			},
			
			{
				"name":"leg0",
				"material":"changecolor"
			},

			{
				"name":"leg1",
				"material":"changecolor"
			},
			
			{
				"name":"leg2",
				"material":"changecolor"
			},

			{
				"name":"leg3",
				"material":"changecolor"
			}
		]
	},
	
	"geometry.sheep:geometry.sheep.sheared":{ 
	
		"bones":[
			{
				"name":"body",
				"reset":true,
				"pivot":[0.0, 19.0, 2.0],
				"cubes":[
					{
						"origin":[-4.0, 13.0, -5.0],
						"size":[8, 16, 6],
						"uv": [ 28, 40 ],
						"inflate": 1.75
					}
				]
			},

			{
				"name":"head",
				"pivot":[0.0, 18.0, -8.0],
				"cubes":[
					{
						"origin":[-3.0, 16.0, -12.0],
						"size":[6, 6, 6],
						"uv": [ 0, 32 ],
						"inflate": 0.6
					}
				]
			},
			
			{
				"name":"leg0",
				"pivot":[-3.0, 12.0, 7.0],
				"cubes":[
					{
						"origin":[-5.0, 6.0, 5.0],
						"size":[4, 6, 4],
						"uv":[0, 48],
						"inflate": 0.5
					}
				]
			},

			{
				"name":"leg1",
				"pivot":[3.0, 12.0, 7.0],
				"cubes":[
					{
						"origin":[1.0, 6.0, 5.0],
						"size":[4, 6, 4],
						"uv":[0, 48],
						"inflate": 0.5
					}
				]
			},
			
			{
				"name":"leg2",
				"pivot":[-3.0, 12.0, -5.0],
				"cubes":[
					{
						"origin":[-5.0, 6.0, -7.0],
						"size":[4, 6, 4],
						"uv":[0, 48],
						"inflate": 0.5
					}
				]
			},

			{
				"name":"leg3",
				"pivot":[3.0, 12.0, -5.0],
				"cubes":[
					{
						"origin":[1.0, 6.0, -7.0],
						"size":[4, 6, 4],
						"uv":[0, 48],
						"inflate": 0.5
					}
				]
			}
		]
	},

	"geometry.pig:geometry.quadruped":{
		"texturewidth": 64,
		"textureheight": 32,

		"bones":[
			{
				"name":"body",
				"reset":true,
				"pivot":[0.0, 13.0, 2.0],
				"cubes":[
					{
						"origin":[-5.0, 7.0, -5.0],
						"size":[10, 16, 8],
						"uv":[28, 8]
					}
				]
			},
			{
				"name":"head",
				"reset":true,
				"pivot":[0.0, 12.0, -6.0],
				"cubes":[
					{
						"origin":[-4.0, 8.0, -14.0],
						"size":[8, 8, 8],
						"uv":[0, 0]
					},
					{
						"origin":[-2.0, 9.0, -15.0],
						"size":[4, 3, 1],
						"uv":[16, 16]
					}					
				]
			},
			{
				"name":"leg0",
				"reset":true,
				"pivot":[-3.0, 6.0, 7.0],
				"cubes":[
					{
						"origin":[-5.0, 0.0, 5.0],
						"size":[4, 6, 4],
						"uv":[0, 16]
					}
				]
			},
			{
				"name":"leg1",
				"reset":true,
				"pivot":[3.0, 6.0, 7.0],
				"cubes":[
					{
						"origin":[1.0, 0.0, 5.0],
						"size":[4, 6, 4],
						"uv":[0, 16]
					}
				]
			},
			{
				"name":"leg2",
				"reset":true,
				"pivot":[-3.0, 6.0, -5.0],
				"cubes":[
					{
						"origin":[-5.0, 0.0, -7.0],
						"size":[4, 6, 4],
						"uv":[0, 16]
					}
				]
			},
			{
				"name":"leg3",
				"reset":true,
				"pivot":[3.0, 6.0, -5.0],
				"cubes":[
					{
						"origin":[1.0, 0.0, -7.0],
						"size":[4, 6, 4],
						"uv":[0, 16]
					}
				]
			}
		]
	},
		
	"geometry.bat":{

		"bones":[
			{
				"name":"head",
				"pivot":[0.0, 24.0, 0.0],
				"cubes":[
					{
						"origin":[-3.0, 21.0, -3.0],
						"size":[6, 6, 6],
						"uv":[0, 0]
					}
				],
				"material":"alpha"
			},
			{
				"name":"rightEar",
				"pivot":[0.0, 24.0, 0.0],
				"cubes":[
					{
						"origin":[-4.0, 26.0, -2.0],
						"size":[3, 4, 1],
						"uv":[24, 0]
					}
				],
				"parent":"head",
				"material":"alpha"
			},
			{
				"name":"leftEar",
				"mirror":true,
				"pivot":[0.0, 24.0, 0.0],
				"cubes":[
					{
						"origin":[1.0, 26.0, -2.0],
						"size":[3, 4, 1],
						"uv":[24, 0]
					}
				],
				"parent":"head",
				"material":"alpha"
			},
			{
				"name":"body",
				"pivot":[0.0, 24.0, 0.0],
				"cubes":[
					{
						"origin":[-3.0, 8.0, -3.0],
						"size":[6, 12, 6],
						"uv":[0, 16]
					},
					{
						"origin":[-5.0, -8.0, 0.0],
						"size":[10, 16, 1],
						"uv":[0, 34]
					}
				],
				"material":"alpha"
			},
			{
				"name":"rightWing",
				"pivot":[0.0, 24.0, 0.0],
				"cubes":[
					{
						"origin":[-12.0, 7.0, 1.5],
						"size":[10, 16, 1],
						"uv":[42, 0]
					}
				],
				"parent":"body",
				"material":"alpha"
			},
			{
				"name":"rightWingTip",
				"pivot":[-12.0, 23.0, 1.5],
				"cubes":[
					{
						"origin":[-20.0, 10.0, 1.5],
						"size":[8, 12, 1],
						"uv":[24, 16]
					}
				],
				"parent":"rightWing",
				"material":"alpha",
				"pos":[-12, 1, 1.5]
			},
			{
				"name":"leftWing",
				"mirror":true,
				"pivot":[0.0, 24.0, 0.0],
				"cubes":[
					{
						"origin":[2.0, 7.0, 1.5],
						"size":[10, 16, 1],
						"uv":[42, 0]
					}
				],
				"parent":"body",
				"material":"alpha"
			},
			{
				"name":"leftWingTip",
				"mirror":true,
				"pivot":[12.0, 23.0, 1.5],
				"cubes":[
					{
						"origin":[12.0, 10.0, 1.5],
						"size":[8, 12, 1],
						"uv":[24, 16]
					}
				],
				"parent":"leftWing",
				"material":"alpha",
				"pos":[12, 1, 1.5]
			}
		]
	},
	
	"geometry.irongolem":{
		"texturewidth":128,
		"textureheight":128,
		
		"bones":[
			{
				"name":"body",
				"pivot":[0.0, 31.0, 0.0],
				"cubes":[
					{
						"origin":[-9.0, 21.0, -6.0],
						"size":[18, 12, 11],
						"uv":[0, 40]
					},
					{
						"origin":[-4.5, 16.0, -3.0],
						"size":[9, 5, 6],
						"uv":[0, 70],
						"inflate":0.5
					}
				],
				"pos":[0, -7, 0]
			},
			{
				"name":"head",
				"pivot":[0.0, 31.0, -2.0],
				"cubes":[
					{
						"origin":[-4.0, 33.0, -7.5],
						"size":[8, 10, 8],
						"uv":[0, 0]
					},
					{
						"origin":[-1.0, 32.0, -9.5],
						"size":[2, 4, 2],
						"uv":[24, 0]
					}
				]
			},
			{
				"name":"arm0",
				"pivot":[0.0, 31.0, 0.0],
				"cubes":[
					{
						"origin":[-13.0, 3.5, -3.0],
						"size":[4, 30, 6],
						"uv":[60, 21]
					}
				]
			},
			{
				"name":"arm1",
				"pivot":[0.0, 31.0, 0.0],
				"cubes":[
					{
						"origin":[9.0, 3.5, -3.0],
						"size":[4, 30, 6],
						"uv":[60, 58]
					}
				]
			},
			{
				"name":"leg0",
				"pivot":[-4.0, 13.0, 0.0],
				"cubes":[
					{
						"origin":[-7.5, 0.0, -3.0],
						"size":[6, 16, 5],
						"uv":[37, 0]
					}
				]
			},
			{
				"name":"leg1",
				"mirror":true,
				"pivot":[5.0, 13.0, 0.0],
				"cubes":[
					{
						"origin":[1.5, 0.0, -3.0],
						"size":[6, 16, 5],
						"uv":[60, 0]
					}
				],
				"pos":[5, 11, 0]
			}
		]
	},
	
	"geometry.snowgolem":{
		"bones":[
			{
				"name":"head",
				"pivot":[0.0, 20.0, 0.0],
				"cubes":[
					{
						"origin":[-4.0, 20.0, -4.0],
						"size":[8, 8, 8],
						"uv":[0, 0],
						"inflate":-0.5
					}
				]
			},
			{
				"name":"arm1",
				"pivot":[0.0, 18.0, 0.0],
				"cubes":[
					{
						"origin":[-1.0, 16.0, -1.0],
						"size":[12, 2, 2],
						"uv":[32, 0],
						"inflate":-0.5
					}
				]
			},
			{
				"name":"arm2",
				"pivot":[0.0, 18.0, 0.0],
				"cubes":[
					{
						"origin":[-1.0, 16.0, -1.0],
						"size":[12, 2, 2],
						"uv":[32, 0],
						"inflate":-0.5
					}
				]
			},
			{
				"name":"piece1",
				"pivot":[0.0, 11.0, 0.0],
				"cubes":[
					{
						"origin":[-5.0, 11.0, -5.0],
						"size":[10, 10, 10],
						"uv":[0, 16],
						"inflate":-0.5
					}
				]
			},
			{
				"name":"piece2",
				"pivot":[0.0, 0.0, 0.0],
				"cubes":[
					{
						"origin":[-6.0, 0.0, -6.0],
						"size":[12, 12, 12],
						"uv":[0, 36],
						"inflate":-0.5
					}
				]
			}
		]
	},
	
	"geometry.zombie.villager:geometry.humanoid":{ 
		"texturewidth": 64,
		"textureheight": 64,

		"bones":[
			{
				"name":"head",
				"reset": true,
				"pivot":[0.0, 24.0, 0.0],
				"cubes":[
					{
						"origin":[-4.0, 24.0, -4.0],
						"size":[8, 10, 8],
						"uv":[0, 0],
						"inflate":0.25
					},
					{
						"origin":[-1.0, 23.0, -6.0],
						"size":[2, 4, 2],
						"uv":[24, 0],
						"inflate":0.25
					}
				]
			},
			{
				"name":"body",
				"reset": true,
				"pivot":[0.0, 24.0, 0.0],
				"cubes":[
					{
						"origin":[-4.0, 12.0, -3.0],
						"size":[8, 12, 6],
						"uv":[16, 20]
					},
					{
						"origin":[-4.0, 6.0, -3.0],
						"size":[8, 18, 6],
						"uv":[0, 38],
						"inflate":0.5
					}
				],
				"material":"alpha"
			},
			{
				"name":"rightArm",
				"reset": true,
				"pivot":[-5.0, 22.0, 0.0],
				"cubes":[
					{
						"origin":[-8.0, 12.0, -2.0],
						"size":[4, 12, 4],
						"uv":[44, 38]
					}
				]
			},
			{
				"name": "leftArm",
				"reset": true,
				"mirror":true,
				"pivot":[5.0, 22.0, 0.0],
				"cubes":[
					{
						"origin":[4.0, 12.0, -2.0],
						"size":[4, 12, 4],
						"uv":[44, 38]
					}
				]
			},
			{
				"name":"rightLeg",
				"reset": true,
				"pivot":[-2.0, 12.0, 0.0],
				"cubes":[
					{
						"origin":[-4.0, 0.0, -2.0],
						"size":[4, 12, 4],
						"uv":[0, 22]
					}
				]
			},
			{
				"name":"leftLeg",
        "reset": true,
				"mirror":true,
				"pivot":[2.0, 12.0, 0.0],
				"cubes":[
					{
						"origin":[0.0, 0.0, -2.0],
						"size":[4, 12, 4],
						"uv":[0, 22]
					}
				]
			}
		]
	},
	
	"geometry.wolf":{
		"texturewidth": 64,
		"textureheight": 32,

		"bones":[
			{
				"name":"head",
				"pivot":[-1.0, 10.5, -7.0],
				"cubes":[
					{
						"origin":[-4.0, 7.5, -9.0],
						"size":[6, 6, 4],
						"uv":[0, 0]
					},
					{
						"origin":[-4.0, 13.5, -7.0],
						"size":[2, 2, 1],
						"uv":[16, 14]
					},
					{
						"origin":[0.0, 13.5, -7.0],
						"size":[2, 2, 1],
						"uv":[16, 14]
					},
					{
						"origin":[-2.5, 7.5, -12.0],
						"size":[3, 3, 4],
						"uv":[0, 10]
					}
				]
			},
			{
				"name":"body",
				"pivot":[0.0, 10.0, 2.0],
				"cubes":[
					{
						"origin":[-4.0, 3.0, -1.0],
						"size":[6, 9, 6],
						"uv":[18, 14]
					}
				]
			},
			{
				"name":"upperBody",
				"pivot":[-1.0, 10.0, 2.0],
				"cubes":[
					{
						"origin":[-5.0, 7.0, -1.0],
						"size":[8, 6, 7],
						"uv":[21, 0]
					}
				]
			},
			{
				"name":"leg0",
				"pivot":[-2.5, 8.0, 7.0],
				"cubes":[
					{
						"origin":[-3.5, 0.0, 6.0],
						"size":[2, 8, 2],
						"uv":[0, 18]
					}
				]
			},
			{
				"name":"leg1",
				"pivot":[0.5, 8.0, 7.0],
				"cubes":[
					{
						"origin":[-0.5, 0.0, 6.0],
						"size":[2, 8, 2],
						"uv":[0, 18]
					}
				]
			},
			{
				"name":"leg2",
				"pivot":[-2.5, 8.0, -4.0],
				"cubes":[
					{
						"origin":[-3.5, 0.0, -5.0],
						"size":[2, 8, 2],
						"uv":[0, 18]
					}
				]
			},
			{
				"name":"leg3",
				"pivot":[0.5, 8.0, -4.0],
				"cubes":[
					{
						"origin":[-0.5, 0.0, -5.0],
						"size":[2, 8, 2],
						"uv":[0, 18]
					}
				]
			},
			{
				"name": "tail",
				"pivot":[-1.0, 12.0, 8.0],
				"cubes":[
				  {
					"origin":[-2.0, 4.0, 7.0],
					"size": [ 2, 8, 2 ],
					"uv": [ 9, 18 ]
				  }
				]
			}
		]
	},
	
	"geometry.ocelot":{
		"texturewidth": 64,
		"textureheight": 32,

		"bones":[
			{
				"name":"head",
				"pivot":[0.0, 9.0, -9.0],
				"cubes":[
					{
						"origin":[-2.5, 7.0, -12.0],
						"size":[5, 4, 5],
						"uv":[0, 0]
					},
					{
						"origin":[-1.5, 7.0, -13.0],
						"size":[3, 2, 2],
						"uv":[0, 24]
					},
					{
						"origin":[-2.0, 11.0, -9.0],
						"size":[1, 1, 2],
						"uv":[0, 10]
					},
					{
						"origin":[1.0, 11.0, -9.0],
						"size":[1, 1, 2],
						"uv":[6, 10]
					}
				]
			},
			{
				"name":"body",
				"pivot":[0.0, 12.0, -10.0],
				"cubes":[
					{
						"origin":[-2.0, -7.0, -18.0],
						"size":[4, 16, 6],
						"uv":[20, 0]
					}
				]
			},
			{
				"name":"tail1",
				"pivot":[0.0, 9.0, 8.0],
				"cubes":[
					{
						"origin":[-0.5, 1.0, 8.0],
						"size":[1, 8, 1],
						"uv":[0, 15]
					}
				],
				"rotation":[50, 0, 0]
			},
			{
				"name":"tail2",
				"pivot":[0.0, 4.0, 13.0],
				"cubes":[
					{
						"origin":[-0.5, -4.0, 13.0],
						"size":[1, 8, 1],
						"uv":[4, 15]
					}
				]
			},
			{
				"name":"backLegL",
				"pivot":[1.1, 6.0, 5.0],
				"cubes":[
					{
						"origin":[0.1, 0.0, 6.0],
						"size":[2, 6, 2],
						"uv":[8, 13]
					}
				]
			},
			{
				"name":"backLegR",
				"pivot":[-1.1, 6.0, 5.0],
				"cubes":[
					{
						"origin":[-2.1, 0.0, 6.0],
						"size":[2, 6, 2],
						"uv":[8, 13]
					}
				]
			},
			{
				"name":"frontLegL",
				"pivot":[1.2, 10.2, -5.0],
				"cubes":[
					{
						"origin":[0.2, 0.2, -5.0],
						"size":[2, 10, 2],
						"uv":[40, 0]
					}
				]
			},
			{
				"name":"frontLegR",
				"pivot":[-1.2, 10.2, -5.0],
				"cubes":[
					{
						"origin":[-2.2, 0.2, -5.0],
						"size":[2, 10, 2],
						"uv":[40, 0]
					}
				]
			}
		]
	},
	
	"geometry.ghast":{		
		"bones":[
			{
				"name":"body",
				"pivot":[0.0, 8.0, 0.0],
				"cubes":[
					{
						"origin":[-8.0, 0.0, -8.0],
						"size":[16, 16, 16],
						"uv":[0, 0]
					}
				],
				"pos":[0, 16, 0]
			}
		]
	},
	
	"geometry.villager":{
		"bones":[
			{
				"name":"head",
				"pivot":[0.0, 24.0, 0.0],
				"cubes":[
					{
						"origin":[-4.0, 24.0, -4.0],
						"size":[8, 10, 8],
						"uv":[0, 0]
					}
				]
			},
			{
				"name":"nose",
				"parent":"head",
				"pivot":[0.0, 26.0, 0.0],
				"cubes":[
					{
						"origin":[-1.0, 23.0, -6.0],
						"size":[2, 4, 2],
						"uv":[24, 0]
					}
				]
			},
			{
				"name":"body",
				"pivot":[0.0, 24.0, 0.0],
				"cubes":[
					{
						"origin":[-4.0, 12.0, -3.0],
						"size":[8, 12, 6],
						"uv":[16, 20]
					},
					{
						"origin":[-4.0, 6.0, -3.0],
						"size":[8, 18, 6],
						"uv":[0, 38],
						"inflate":0.5
					}
				],
				"material":"alpha"
			},
			{
				"name":"arms",
				"pivot":[0.0, 22.0, 0.0],
				"cubes":[
					{
						"origin":[-4.0, 16.0, -2.0],
						"size":[8, 4, 4],
						"uv":[40, 38]
					},
					{
						"origin":[-8.0, 16.0, -2.0],
						"size":[4, 8, 4],
						"uv":[44, 22]
					},
					{
						"origin":[4.0, 16.0, -2.0],
						"size":[4, 8, 4],
						"uv":[44, 22]
					}
				]
			},
			{
				"name":"leg0",
				"pivot":[-2.0, 12.0, 0.0],
				"cubes":[
					{
						"origin":[-4.0, 0.0, -2.0],
						"size":[4, 12, 4],
						"uv":[0, 22]
					}
				]
			},
			{
				"name":"leg1",
				"pivot":[2.0, 12.0, 0.0],
				"cubes":[
					{
						"origin":[0.0, 0.0, -2.0],
						"size":[4, 12, 4],
						"uv":[0, 22]
					}
				]
			}
		]
	},
	
	"geometry.villager.witch:geometry.villager":{
		"texturewidth":64,
		"textureheight":128,
		"bones":[
			{
				"name":"nose",
				"parent":"head",
				"cubes":[
					{
						"origin":[0.0, 25.0, -6.75],
						"size":[1, 1, 1],
						"uv":[0, 0],
						"inflate":-0.25
					}
				]
			},
			{
				"name":"hat",
				"parent":"head",
				"pivot":[-5, 32.03125, -5],
				"cubes":[
					{
						"origin":[-5, 32.05, -5],
						"size":[10, 2, 10],
						"uv":[0, 64]
					}
				]
			},
			{
				"name":"hat2",
				"parent":"hat",
				"pivot":[1.75, 32, 2],
				"cubes":[
					{
						"origin":[-3.25, 33.5, -3],
						"size":[7, 4, 7],
						"uv":[0, 76]
					}
				],
				"rotation":[-3, 0, 1.5]
			},
			{
				"name":"hat3",
				"parent":"hat2",
				"pivot":[1.75, 35, 2],
				"cubes":[
					{
						"origin":[-1.5, 36.5, -1],
						"size":[4, 4, 4],
						"uv":[0, 87]
					}
				],
				"rotation":[-6, 0, 3]
			},
			{
				"name":"hat4",
				"parent":"hat3",
				"pivot":[1.75, 38, 2],
				"cubes":[
					{
						"origin":[0.25, 40, 1],
						"size":[1, 2, 1],
						"uv":[0, 95]
						"inflate":0.25
					}
				],
				"rotation":[-12, 0, 6]
			}
		]
	}	
	
}
