国家;文件序号;苹果;安卓
阿根廷;1;AR;AR
澳大利亚;2;AU;AU
奥地利;3;AT;AT
孟加拉国;4;BD;BD
比利时;5;BE;BE
巴西;6;BR;BR
保加利亚;7;BG;BG
加拿大;8;CA;CA
中非;9;CF;CF
乍得;10;TD;TD
智利;11;CL;CL
中国;12;CN;CN
哥伦比亚;13;CO;CO
哥斯达黎加;14;CR;CR
古巴;15;CU;CU
捷克;16;CZ;CZ
丹麦;17;DK;DK
多米尼加共和国 ;19;DO;DO
厄瓜多尔;20;EC;EC
斐济;21;FJ;FJ
芬兰;22;FI;FI
法国;23;FR;FR
德国;24;DE;DE
加纳;25;GH;GH
希腊;26;GR;GR
圭亚那;27;GY;GY
海地;28;HT;HT
洪都拉斯;29;HN;HN
匈牙利;30;HU;HU
印度;31;IN;IN
印度尼西亚;32;ID;ID
伊朗;33;IR;IR
爱尔兰;34;IE;IE
以色列;35;IL;IL
意大利;36;IT;IT
牙买加;37;JM;JM
日本;38;JP;JP
肯尼亚;39;KE;KE
基里巴斯;40;KI;KI
朝鲜;41;KP;KP
利比亚;42;LY;LY
卢森堡;43;LU;LU
马达加斯加;44;MG;MG
马尔代夫;45;MV;MV
马里;46;ML;ML
马耳他;47;MT;MT
毛里求斯;48;MU;MU
墨西哥;49;MX;MX
摩纳哥;50;MC;MC
蒙特塞拉特;51;MS;MS
摩洛哥;52;MA;MA
纳米比亚;53;NA;NA
瑙鲁;54;NR;NR
尼泊尔;55;NP;NP
荷兰;56;NL;NL
新西兰;57;NZ;NZ
尼加拉瓜;58;NI;NI
尼日尔;59;NE;NE
尼日利亚;60;NG;NG
挪威;61;NO;NO
阿曼;62;OM;OM
巴基斯坦;63;PK;PK
巴拉圭;64;PY;PY
秘鲁;65;PE;PE
菲律宾;66;PH;PH
波兰;67;PL;PL
葡萄牙;68;PT;PT
波多黎各;69;PR;PR
罗马尼亚;70;RO;RO
卢旺达;71;RW;RW
塞内加尔;72;SN;SN
塞舌尔;73;SC;SC
南非;74;ZA;ZA
西班牙;75;ES;ES
苏里南;76;SR;SR
瑞典;77;SE;SE
瑞士;78;CH;CH
坦桑尼亚;79;TZ;TZ
泰国;80;TH;TH
东帝汶;81;TP;TP
多哥;82;TG;TG
汤加;83;TO;TO
突尼斯;84;TN;TN
土耳其;85;TR;TR
乌干达;86;UG;UG
阿联酋;87;AE;AE
英国;88;GB;GB
美国;89;US;US
乌拉圭;90;UY;UY
委内瑞拉;91;VE;VE
西萨摩亚;92;WS;WS
也门;93;YE;YE
百慕大;94;BM;BM
哈萨克斯坦;95;KZ;KZ
马其顿共和国;96;MK;MK
俄国;97;RU;RU
斯洛文尼亚;98;SI;SI
乌克兰;99;UA;UA
