注释;key;英语;简体中文;繁体中文;西班牙语;俄语;葡萄牙语;德语;韩语;日语;法语;意大利语;阿拉伯语
各种语言的英文单词;;English;Simplified Chinese;traditional Chinese;Spanish;Russian;Portuguese;German;Korean;Japanese;French;Italian;Arabic
语言本地化单词;;English;简体中文;繁体中文;Español;русский;português;Deutsche; 한국어;日本語;français;italiano;العربية
字体类型;;frank_lin.ttf;arial;arial;arial;arial;arial;arial;arial;arial;arial;arial;arial
字号缩放;;1;0.9;0.9;0.9;0.9;0.9;0.9;0.9;0.9;0.9;0.9;0.9
;;;;;;;;;;;;;
;HOME;HOME;首页;首頁;CASA;домой;CASA;ZUHAUSE;홈;ホーム;DOMICILE;CASA;الصفحة الرئيسية
;MUSIC;MUSIC;音乐;音樂;MÚSICA;музыка;MÚSICA;MUSIK;음악;音楽;LA MUSIQUE;MUSICA;موسيقى
;REWARD;REWARD;奖励;獎勵;RECOMPENSA;награда;RECOMPENSA;BELOHNUNG;장려;奨励;RÉCOMPENSE;RICOMPENSA;جائزة او مكافاة
;SETTINGS;SETTINGS;设置;設定;AJUSTES;НАСТРОЙКИ;CONFIGURAÇÕES;EINSTELLUNG;설치;設置;RÉGLAGE;IMPOSTAZIONI;إعدادات
;Unlock success!;Unlock success!;解锁成功！;解鎖成功！;Desbloquear el éxito!;Разблокировать успех!;Desbloquear sucesso!;Schalte Erfolg!;잠금 해제 성공!;ロック解除に成功しました！;Débloquez le succès!;Sblocca il successo!;فتح النجاح!
;Not enough coins!;Not enough coins!;金币不足！;金幣不足！;¡No hay suficientes monedas!;Недостаточно монет!;Não o suficiente moedas!;Nicht genug Münzen!;골드 부족!;ゴールド不足！;Pas assez de pièces!;Non abbastanza monete!;ليست نقود كافية!
;Buy success!;Buy success!;购买成功！;購買成功！;Comprar el éxito!;Купить успех!;Compre sucesso!;Kaufen Sie Erfolg!;성공을 구입하세요!;成功を購入！;Acheter succès!;Acquista successo!;شراء النجاح!
;Sign in next day.;Sign in next day.;明天再过来领取奖励;明天再過來領取獎勵;Iniciar sesión en el día siguiente.;Войти на следующий день.;Entrar no dia seguinte.;Melden Sie sich am nächsten Tag.;내일 상을받을 자;明日賞を受け取るために、是非;Connectez-vous lendemain.;Accedi giorno successivo.;تسجيل الدخول اليوم التالي.
;If you like this game, please rate for us.;If you like this game, please rate for us.;如果你喜欢本游戏，请打个分;如果你喜歡本遊戲，請打個分;Si te gusta este juego, por favor califique para nosotros.;Если вам понравилась эта игра, пожалуйста, оцените для нас.;Se você gosta deste jogo, por favor classifique para nós.;Wenn Sie dieses Spiel Spaß macht, bitte für uns bewerten.;이 게임이 마음에 들면 사항을 확인하시기 바랍니다;あなたはこのゲームが好きなら、ポイントを作成してください;Si vous aimez ce jeu, s'il vous plaît noter pour nous.;Se ti piace questo gioco, dai un voto prega per noi.;إذا كنت تحب هذه اللعبة، يرجى تقييم بالنسبة لنا.
;Video haven't load, please try again later!;Video haven't load, please try again later!;视频广告未加载成功，请稍后再尝试;視頻廣告未加載成功，請稍後再嘗試;El video no tiene carga, por favor inténtelo de nuevo más tarde!;Видео не загружается, повторите попытку позже!;Vídeo não tem carregar, por favor, tente novamente mais tarde!;Video haben nicht geladen werden, bitte versuchen Sie es später noch einmal!;동영상 광고는 나중에 다시 시도, 성공하지 못한;動画広告は、後で再試行して、成功しません。;Vidéo ont pas charger, s'il vous plaît réessayer plus tard!;Il video non ha carica, si prega di riprovare più tardi!;فيديو لم يتم تحميلها، يرجى المحاولة مرة أخرى في وقت لاحق!
;Restore game progress success!;Restore game progress success!;恢复游戏进度成功！;恢復遊戲進度成功！;Restaurar el éxito del progreso del juego!;Восстановление игры успех прогресс!;Restaurar jogo sucesso progresso!;Wiederherstellung Spielfortschritt Erfolg!;게임 진행의 성공을 복원!;ゲーム進行の成功を復元！;Restaurer jeu progrès succès!;Ripristinare gioco di successo progresso!;استعادة اللعبة نجاح التقدم!
;Back;Back;返回;返回;Espalda;назад;Costas;Zurück;반환;;Arrière;Indietro;الى الخلف
;Done;Done;确定;確定;Hecho;Готово;Feito;Erledigt;결정;;Terminé;Fatto;فعله
;Endless Rush;Endless Rush;无尽冲刺;無盡衝刺;fiebre sin fin;Бесконечные Rush;corrida sem fim;Endlose Rausch;끝없는 질주;エンドレススプリント;Rush sans fin;Rush Endless;راش لا نهاية لها
;Sound;Sound;声音;聲音;Sonar;звук;Som;Klingen;소리;サウンド;Sonner;Suono;صوت
;Leaderboard;Leaderboard;排行榜;排行榜;clasificación;Leaderboard;Leaderboard;Bestenliste;리더;リーダーボード;Leaderboard;Classifica;المتصدرين
;More Game;More Game;更多游戏;更多遊戲;Más juego;Больше игр;Mais jogo;Weitere Spiel;더 많은 게임;その他のゲーム;Plus de jeux;Più gioco;المزيد من الالعاب
;Language;Language;语言;語言;Idioma;язык;Língua;Sprache;언어;言語;La langue;Lingua;لغة
;Recovery Progress;Recovery Progress;恢复游戏进度;恢復遊戲進度;Restaurar;Восстановить;Restaurar;Erholung Fortschritt;게임 진행 복원;リカバリ進捗状況;Recovery Progress;Recupero Progress;انتعاش التقدم
;Comment;Comment;评分;評分;Comentario;Комментарий;Comente;Kommentar;점수;スコア;Commentaire;Commento;التعليق
;Piano Tiles 3;Piano Tiles 3;钢琴块 3;鋼琴塊 3;Piano Tiles 3;Плитки фортепиано 3;Piano Tiles 3;Klavierfliesen 3;피아노 타일 3;ピアノタイル3;Piano Tiles 3;Piastrelle per pianoforte 3;بلاط البيانو 3
;Play;Play;开始;開始;Jugar;Играть;Toque;Spielen;시작;開始;Jouer;Giocare;لعب
;RESUME;RESUME;继续;繼續;CONTINUAR;РЕЗЮМЕ;CURRÍCULO;FORTSETZEN;계속;続けます;CV;PROSEGUIRE;استئنف
;RESTART;RESTART;重玩;重玩;REINICIAR;ПОВТОР;REINICIAR;NEUSTART;재생;再起動;REPR;RICOMINCIA;إعادة بدء
;HOME;HOME;结束;結束;CASA;ГЛАВНАЯ;CASA;ZUHAUSE;끝;ホーム;DOMICILE;CASA;الصفحة الرئيسية
;LEVEL;LEVEL;等级;等級;NIVEL;УРОВЕНЬ;NÍVEL;EBENE;평가;レベル;NIVEAU;LIVELLO;مستوى
;Upgrade awards;Upgrade awards;升级奖励;升級獎勵;premios de ascenso;Награды;prêmios de upgrade;Upgrade-Prämien;업그레이드 수상;賞をアップグレード;prix de mise à niveau;upgrade premio;جوائز الترقية
;Unlock;Unlock;解锁;解鎖;desbloquear;отпереть;destravar;aufschließen;잠금 해제;アンロック;Ouvrir;Sbloccare;فتح
;BUY COINS;BUY COINS;购买金币;購買金幣;MONEDAS;МОНЕТЫ;MOEDAS;COINS;금화 구매;ゴールド;PIÈCES;MONETE;شراء عملات
;BUY LIFE;BUY LIFE;购买生命;購買生命;VIDA;ЖИЗНЬ;VIDA;LEBEN;최신 생활;せいめい;LA VIE;VITA;شراء حياة
;SONG UNLOCK;SONG UNLOCK;歌曲解锁;歌曲解鎖;DESBLOQUEAR;РАЗБЛОКИРУЙТЕ;DESBLOQUEAR;SONG UNLOCK;노래의 잠금을 해제;曲のロックを解除;SONG UNLOCK;SONG SBLOCCO;فتح أغاني
;NO;NO;取消;取消;NO;НЕТ;NÃO;NEIN;취소;;NON;NO;لا
;YES;YES;确定;確定;SÍ;ДА;SIM;JA;결정;;OUI;SÌ;نعم فعلا
;OK;OK;确定;確定;;ОК;;OK;결정;;D'accord;ok;حسنا
;Need to reach %d level to unlock '%s'.;Need to reach %d level to unlock '%s'.;需要到达%d级才能解锁歌曲“%s”;需要達到%d級才能解鎖歌曲“%s”;Necesidad de llegar a %d nivel para desbloquear '%s'.;"Нужно достичь %d уровня, чтобы разблокировать ""%s"".";Precisa chegar a %d nível para desbloquear '%s'.;Sie benötigen %d Level zu erreichen '%s' zu entsperren.;"우리는 %d에 도달해야노래 ""%s""잠금을 해제하려면";レベル%dに到達歌「%s」をロック解除;Besoin d'atteindre %d niveau pour débloquer '%s'.;Necessità di raggiungere %d livello per sbloccare '%s'.;تحتاج للوصول إلى مستوى %d لفتح '%s'.
;Do you spend %d coins to unlock '%s'?;Do you spend %d coins to unlock '%s'?;你是否使用%d金币解锁歌曲“%s”？;你是否使用%d金幣解鎖歌曲“%s”?;¿Pasa %d monedas para desbloquear '%s'?;"Вы проводите %d монеты, чтобы разблокировать ""%s""?";Você gasta %d moedas para desbloquear '%s'?;Verbringen Sie %d Münzen '%s' zu entsperren?;"당신은 %d 골드를 사용하십니까노래 ""%s""잠금 해제?";%d金貨歌「%s」をロック解除？;Passez-vous %d des pièces de monnaie pour débloquer '%s'?;Si spendono %d monete per sbloccare '%s'?;هل تنفق %d عملات معدنية لفتح '%s'؟
;To continue the game?;To continue the game?;继续游戏？;繼續遊戲？;Continuar el juego?;Чтобы продолжить игру?;Para continuar o jogo?;Um das Spiel fortsetzen?;게임을 계속하려면?;ゲームを続行するには？;Pour continuer le jeu?;Per continuare il gioco?;لمواصلة اللعبة؟
;Cancel;Cancel;取消;取消;Cancelar;Отмена;Cancelar;Stornieren;취소;;Annuler;Annulla;إلغاء
;Get;Get;获取;獲取;;;Obter;Erhalten;;ゲット;Obtenez;Ottenere;الحصول
;Get it free;Get it free;免费获取;免費獲取;Gratis;Свободно;Livre;Frei;무료;無料で取得;Gratuit;Gratuito;حر
;Loading...;Loading...;加载中...;加載中...;;Loading...;;Laden...;로드 중 ...;;;;
;Top Apps;Top Apps;应用推荐;應用推薦;Mejores aplicaciones;Лучшие приложения;Top das Aplicações;Top Anwendungen;추천 응용 프로그램;推奨アプリケーション;Meilleures applications;Migliori applicazioni;افضل البرامج
;Best score:%d;Best score:%d;最高分:%d;最高分:%d;Mejor puntaje:%d;Лучший балл: %d;Melhor pontuação: %d;Beste Punktzahl: %d;최고 점수 : %d;最高スコア：%d;Meilleur score: %d;Miglior punteggio: %d;أفضل النتيجة: %d
;LEVEL UP;LEVEL UP;升级;升級;;;UPAR;AUFLEVELN;업그레이드;;;LEVEL UP;مستوى اعلى
;Get the rewards;Get the rewards;获取奖励;獲取獎勵;Obtener;Получить;Obter;Erhalten;보상을 받기;報酬をゲット;Obtenez;Ottenere;الحصول على المكافآت
;Recommended Games;Recommended Games;游戏推荐;遊戲推薦;Juegos recomendados;Рекомендуемые игры;Jogos recomendados;Empfohlene Spiele;추천 게임;推奨ゲーム;Jeux recommandés;Giochi consigliati;وأوصى العاب
;(Buy any product can permanently remove ads.);(Buy any product can permanently remove ads.);（购买任意产品永久去除广告）;（購買任意產品永久去除廣告）;(Compre cualquier producto puede eliminar permanentemente los anuncios.);(Купите любой продукт может навсегда удалить объявления.);(Comprar qualquer produto pode remover permanentemente anúncios.);(Kaufen Sie jedes Produkt dauerhaft Anzeigen entfernen.);(모든 제품은 영구적으로 광고를 제거 구매);（永久に広告を削除し、任意の製品を購入します）;(Acheter un produit peut supprimer définitivement les annonces.);(Acquistare qualsiasi prodotto in grado di rimuovere in modo permanente annunci.);(شراء أي منتج يمكن إزالة الإعلانات إلى الأبد).
;Get free coins.;Get free coins.;免费获取金币;免費獲取金幣;Gratis;Свободно;Livre;Frei;무료 금을 가져 오기;無料のゴールドを入手;Gratuit;Gratuito;حر
;Bonus Time;Bonus Time;奖励时间;獎勵時間;Tiempo de experiencia;Бонус Время;Tempo Bonus;Bonus-Zeit;보너스 시간;ボーナスタイム;Bonus Temps;Tempo Bonus;مكافأة الوقت
;Upgrade Rewards;Upgrade Rewards;升级奖励;升級獎勵;actualizar recompensas;Обновление Вознаграждения;Prêmios de upgrade;Upgrade-Prämien;업그레이드 수상;アップグレードアワード;Upgrade Rewards;Aggiornamento Rewards;ترقية المكافآت
;Search;Search;查找;查找;Buscar;Поиск;Pesquisa;Suche;발견;サーチ;Chercher;Ricerca;بحث
;All Songs;All Songs;全部歌曲;全部歌曲;Todas;Все песни;Todos;Alle;모든 노래;すべて;Tout;Tutti;جميع
;Unlock Songs;Unlock;解锁歌曲;解鎖歌曲;desbloquear;отпереть;destravar;aufschließen;잠금 해제;アンロック;Ouvrir;Sbloccare;فتح
;Selection;Selection;精选歌曲;精選歌曲;Selección;выбор;Seleção;Auswahl;선택;選択;Sélection;Selezione;اختيار
;Favorites;Favorites;收藏歌曲;收藏歌曲;favoritos;Избранные;favoritos;Favoriten;즐겨 찾기;お気に入り;Favoris;Preferiti;المفضلة
;START;START;开始;開始;;;;;시작;開始;;INIZIO;بداية
;Challenge;Challenge;挑战;挑戰;Reto;Вызов;Desafio;Herausforderung;도전;挑戦;Défi;Sfida;التحدي
;Your Best:;Your Best:;我的最高分:;我的最高分:;Tu mejor:;Ты лучший:;Seu melhor:;Ihre beste:;내 가장 높은 점수 :;私の最高:;Votre meilleur:;La vostra migliore:;افضل ما عندك:
;tiles/s;tiles/s;块/秒;塊/秒;azulejos/s;плитка/s;telhas/s;Fliesen/s;블록/초;タイル/秒;tuiles/s;piastrelle/s;بلاط / ق
;World's Best:;World's Best:;全球最高分:;全球最高分:;El mejor del mundo:;Лучшие в мире:;da Best World:;Welt bester:;글로벌 최고 점수 :;世界最高:;Meilleurs Monde:;Migliore mondo:;: بيست العالم
;The winner:;The winner:;获胜者:;獲勝者:;El ganador:;Победитель:;O vencedor:;Der Gewinner:;승자 :;勝者:;Le gagnant:;Il vincitore:;الفائز:
;You Can Do Better;You Can Do Better;你可以做得更好;你可以做得更好;Puedes hacerlo mejor;Ты можешь лучше;Tu consegues fazer melhor;Das kannst du besser;당신은 잘 할 수 있습니다;継続的な努力;Tu peux faire mieux;Puoi fare meglio;يمكنك القيام به على نحو أفضل
;Best;Best;最高分;最高分;Mejor;Лучший;Melhor;beste;최고 점수;最高スコア;Meilleur;Migliore;أفضل
;After the login %s,;After the login %s,;登录%s后，;登錄%s後,;Después de la entrada de %s,;После входа в систему %s,;Após a %s login,;Nach dem Login auf %s,;당신은 %s 로그인 한 후,;あなたは%sをログインした後、;Après la connexion %s,;Dopo il %s login,;بعد %s تسجيل الدخول،
;You can view the list.;You can view the list.;即可查看排行榜;即可查看排行榜;Puede ver la lista.;Вы можете просмотреть список.;Você pode ver a lista.;Sie können die Liste anzuzeigen.;리더를 보려면;リーダーボードを表示するには;Vous pouvez afficher la liste.;È possibile visualizzare l'elenco.;يمكنك عرض القائمة.
;MUSIC SELECT;MUSIC SELECT;歌曲选择;歌曲選擇;Selección de música;Выбор музыки;MUSIC SELECT;MUSIKWAHL;곡 선택;音楽の選択;MUSIC SELECT;MUSICA SELEZIONA;الموسيقى حدد
;Daily Reward;Daily Reward;每日签到;每日簽到;Recompensa diaria;Ежедневная Награда;Prémio diário;Tägliche Belohnung;일일 보상;デイリーリワード;Récompense Daily;Ricompensa giornaliera;مكافأة اليومية
;RANK;RANK;排行榜;排行榜;RANGO;РАНГ;RANK;RANG;리더;リーダーボード;RANG;RANGO;مرتبة
;BACK;BACK;返回;返回;ESPALDA;НАЗАД;COSTAS;ZURÜCK;반환;リターン;ARRIÈRE;INDIETRO;الى الخلف
;Thanks for your rating.;Thanks for your rating.;感谢您的评分;感謝您的評分;Gracias por su calificación.;Спасибо за оценку.;Obrigado pela sua avaliação.;Danke für deine Bewertung.;귀하의 평가에 감사드립니다.;あなたの評価に感謝します。;Merci pour votre évaluation.;Grazie per il tuo voto.;شكرا لتصويتك.
;Rate for us;Rate for us;评分;評分;COMENTARIO;КОММЕНТАРИЙ;Taxa para nós;Preis für uns;점수;スコア;Tarif pour nous;Vota per noi;معدل بالنسبة لنا
;Best With Headphones;Best With Headphones;使用耳机体验更佳;使用耳機體驗更佳;Mejor con auriculares;Лучший с наушниками;Melhor com fones de ouvido;Am besten mit Kopfhörern;헤드폰을 사용하여 더 나은 경험;ヘッドホンを使用してより良い経験;Meilleur avec écouteurs;Miglior con le cuffie;أفضل مع سماعات
;PLAY;PLAY;开始;開始;JUGAR;ИГРАТЬ;TOQUE;SPIELEN;시작;開始;JOUER;GIOCARE;لعب
;BATTLE;BATTLE;对战;對戰;BATALLA;БОЕВОЙ;BATALHA;SCHLACHT;전투;バトル;BATAILLE;BATTAGLIA;معركة
;Waiting...;Waiting...;等待...;等待...;Esperando...;Ожидание ...;Esperando...;Warten...;대기 ...;待って...;Attendre...;In attesa...;انتظار...
;You;You;你;你;Tú;Вы;Você;Sie;당신;あなた;Toi;tu;أنت
;Require %d coins each time challenge, winner will get all.;Require %d coins each time challenge, winner will get all.;对战需要消耗%d金币，胜利者将赢得全部金币;對戰需要消耗%d金幣，勝利者將贏得全部金幣;Requiere %d monedas cada desafío del tiempo, el ganador conseguirá todo.;Требуют %d монет каждый раз, когда вызов, победитель получит все.;Exija %d moedas cada desafio de tempo, o vencedor obterá tudo.;Erfordert %d Münzen jedes Mal Herausforderung, Gewinner wird alles bekommen.;%d 금화를 소비 할 필요가 대, 승자는 모든 금을 이길 것이다;挑戦ごとに%dコイン必要です、勝者はすべてを得るでしょう。;Exiger %d pièces chaque défi de temps, le gagnant obtiendra tout.;Richiede %d monete ogni sfida volta, vincitore otterrà tutti.;تتطلب %d قطعة نقدية كل تحد الوقت، سوف الفائز على كل شيء.
;Connecting...;Connecting...;连接中...;連接中...;Conectando ...;Подключение ...;Conectando ...;Verbinden ...;연결 중 ...;接続中...;De liaison...;Connessione in corso ...;توصيل...
;Room will start in %ds;Room will start in %ds;游戏将在%d秒后开始;遊戲將在%d秒後開始;La habitación comenzará en %ds;Номер начнется в %d-е годы;Quarto vai começar em %ds;Der Raum beginnt in %ds;게임 %d 초 시작됩니다;ゲームは%d秒後に開始されます;La chambre commencera dans %ds;Camera inizierà in %ds;وسوف تبدأ الغرفة في %d ثانية
;Waiting for more player;Waiting for more player;等待更多玩家;等待更多玩家;Esperando más jugador;В ожидании дополнительной плеера;Aguardando mais player;Warten auf mehr Spieler;더 많은 선수를 기다리는 중;より多くのプレーヤーを待っています;En attente de plus de joueur;In attesa di ulteriori giocatore;في انتظار المزيد من لاعب
;Update Score...;Update Score...;更新分数...;更新分數...;Actualizar puntuación ...;Обновление Оценка ...;Atualizar pontuação ...;Ergebnis aktualisieren ...;점수를 업데이트 ...;スコアを更新...;Mise à jour de la partition ...;Aggiornare Score ...;تحديث النقاط ...
;Exit;Exit;离开;離開;Salida;Выход;Saída;Ausgang;휴가;出口;Sortie;Uscita;ىخرج
;Start;Start;开始;開始;comienzo;Начало;Começar;Anfang;시작;開始;Début;Inizio;بداية
;You win, please keep it.;You win, please keep it.;你赢得比赛，请继续保持;你贏得比賽，請繼續保持;Usted gana, por favor, guárdelo.;Вы выиграли, пожалуйста держите его.;Você ganha, por favor, mantenha-o.;Sie gewinnen, bitte halten Sie es.;당신은 게임을 승리, 그것을 유지;あなたは勝つ、それを保ってください。;Vous gagnez, s'il vous plaît gardez-le.;Si vince, si prega di tenerlo.;يمكنك الفوز، يرجى الاحتفاظ بها.
;Do not be discouraged, try next time.;Do not be discouraged, try next time.;不要气馁，还有下次机会;不要氣餒，還有下次機會;No te desanimes, prueba la próxima vez.;Не расстраивайтесь, попробуйте в следующий раз.;Não desanime, tente na próxima vez.;Sei nicht entmutigt, versuche es nächstes Mal.;낙담, 다음 기회되지;落胆しないで、次回に試してみてください。;Ne vous découragez pas, essayez la prochaine fois.;Non scoraggiatevi, provare la prossima volta.;لا تثبط، حاول في المرة القادمة.
;Not enough life!;Not enough life!;生命值不足！;生命值不足！;No hay suficiente vida!;Не хватает жизни!;Não há vida suficiente!;Nicht genug Leben!;삶의 값 미만!;人生の値よりも小さいです！;Pas assez de vie!;Non abbastanza la vita!;الحياة لا يكفي!
;Consecutive sign in %d days.;Consecutive sign in %d days.;连续签到%d天;連續簽到%d天;Firma consecutiva en %d días.;Последовательная знак в течение %d дней.;Sinal consecutivo em %d dias.;Konsekutives Zeichen in %d Tagen.;연속 출석 %d일;連続出席の%d日;Signe consécutif en %d jours.;segno consecutiva in %d giorni.;علامة التوالي في %d يوما.
;Watch video to get %d coins.;Watch video to get %d coins.;观看视频可获得%d金币;觀看視頻可獲得%d金幣;Vea el video para obtener %d monedas.;Смотрите видео, чтобы получить %d монет.;Assista ao vídeo para obter %d moedas.;Video ansehen, um %d Münzen zu bekommen.;비디오 %d 금화를 얻을보기;ビデオを見るには、%d金貨を取得します;Regarder la vidéo pour obtenir %d pièces.;Guarda il video per ottenere %d monete.;مشاهدة الفيديو للحصول على %d قطعة نقدية.
;Join the room failed, please try again later.;Join the room failed, please try again later.;加入房间失败，请稍后再尝试;加入房間失敗，請稍後再嘗試;Únete a la sala, por favor intenta nuevamente más tarde.;Регистрация в комнату не удалось, повторите попытку позже.;Participe da sala falhou, tente novamente mais tarde.;Verbinden Sie das Zimmer nicht, bitte versuchen Sie es später noch einmal.;실패한 방에 참여, 나중에 다시 시도하십시오;失敗した部屋に参加し、後でもう一度お試しください;Joindre la salle a échoué, veuillez réessayer plus tard.;Entra nella stanza fallito, riprova più tardi.;الانضمام إلى غرفة فشل، يرجى المحاولة مرة أخرى في وقت لاحق.
;Please check your network connection.;Please check your network connection.;请检查你的网络连接;請檢查你的網絡連接;Compruebe su conexión de red.;Пожалуйста, проверьте подключение к сети.;Verifique a sua conexão de rede.;Bitte überprüfen Sie Ihre Netzwerkverbindung.;네트워크 연결을 확인하시기 바랍니다;ネットワーク接続を確認してください;Veuillez vérifier votre connexion réseau.;Si prega di verificare la connessione di rete.;يرجى التحقق من الاتصال بالشبكة.
;Lack of coins, not less than %d coins.;Lack of coins, not less than %d coins.;金币不足，最少需要%d金币;金幣不足，最少需要%d金幣;Falta de monedas, no menos de %d monedas.;Отсутствие монет, не менее чем за %d монет.;Falta de moedas, não menos de %d moedas.;Mangel an Münzen, nicht weniger als %d Münzen.;금 부족 %d 금 최소 필요;硬貨の欠如、%d枚以上の硬貨;Manque de pièces de monnaie, pas moins de %d pièces.;Mancanza di monete, non inferiore a %d monete.;عدم وجود القطع النقدية، وليس أقل من %d قطعة نقدية.
;Connection timed out.;Connection timed out.;连接超时;連接超時;Tiempo de conexión agotado.;Время соединения истекло.;A conexão expirou.;Zeitüberschreitung der Verbindung.;연결 시간이 초과되었습니다;接続がタイムアウトしました;Connexion interrompue.;Connessione Scaduta.;انتهت مدة الاتصال.
;You get %d coins.;You get %d coins.;你获得%d金币;你获得%d金币;Usted consigue %d monedas.;Вы получаете %d монет.;Você ganha %d moedas.;Sie erhalten %d Münzen.;당신은 %d 금화를 얻을 수;あなたは%d金貨を取得します;Vous obtenez %d pièces.;È possibile ottenere %d monete.;يمكنك الحصول على %d قطعة نقدية.
;Added the player Battle mode!;Added the player Battle mode!;增加了玩家对战模式！;增加了玩家對戰模式！;Añadido el modo de batalla del jugador!;Добавлен игровой режим игрока!;Adicionado o modo de batalha do jogador!;Der Spieler Kampfmodus hinzugefügt!;증가 플레이어 전투 모드!;増加したプレイヤーバトルモード！;Ajout du mode bataille joueur!;Aggiunta la modalità battaglia giocatore!;وأضاف أن وضع المعركة لاعب!
;Continue;Continue;继续;繼續;Continuar;Продолжать;Continuar;Fortsetzen;계속;再び;Continuer;Continua;استمر
;The game is not over, leave will be deducted %d coins.;The game is not over, leave will be deducted %d coins.;游戏还没结束，离开将会扣除%d金币;遊戲還沒結束，離開將會扣除20金幣;El juego no ha terminado, la licencia se deducirá %d monedas.;Игра еще не закончена, в выписке будет %d монет.;O jogo não acabou, licença será deduzido %d moedas.;Das Spiel ist nicht vorbei, der Urlaub wird %d Münzen abgezogen.;이 게임은 공제됩니다 %d 금화를 떠나, 끝나지 않았다;ゲームが差し引かれます%d金貨を残して、終わっていません;Le jeu n'est pas terminé, le congé sera déduit de %d pièces.;La partita non è finita, lasciare verrà detratto %d monete.;اللعبة لم تنته، وسوف يتم خصم ترك %d قطعة نقدية.
