id;json;picture;name;author;default beats;acceleration;unlock type;unlock value
1;hny;picture_Happy New Year.png;Happy New Year;English Folk Music;0.5;250;level;1
2;jb;picture_Jingle Bells.png;Jingle Bells;James Lord Pierpont;0.5;252.7;level;1
3;Canon;picture_Canon.png;Canon;Johann Pachelbel;0.5;255.4;level;1
4;3eo7n3;picture_Chopin1.png;3 Ecossaises Op.72 No.3;Chopin;0.125;258.1;coin;100
5;hbty;picture_Happy Birthday to You.png;Happy Birthday to You;American Folk Music;0.5;260.8;coin;100
6;tt;picture_Two Tigers.png;Two Tigers;French Folk Music;0.5;263.5;coin;100
7;lst;picture_Little Star.png;Little Star;English Folk Music;0.5;266.2;coin;100
8;Jasmine;picture_Jasmine.png;Jasmine;Chinese Folk Music;0.5;268.9;coin;200
9;6ewo8;picture_Beethoven2.png;6 Ecossaises WoO 83;Beethoven;0.5;271.6;coin;200
10;prv1;picture_Paganini Rhapsody Var.18.png;Paganini Rhapsody Var.18;Rachmaninoff;0.5;274.3;coin;200
11;ao1n7;picture_Album-leaf Op.12 No.7.png;Album-leaf Op.12 No.7;Grieg;0.5;277;coin;200
12;ap;picture_American Patrol.png;American Patrol;Frank Meacham;0.25;279.7;coin;300
13;doham;picture_Dreaming of Home and Mother.png;Dreaming of Home and Mother;John Pond Ordway;0.5;282.4;coin;300
14;bch;picture_Bridal Chorus.png;Bridal Chorus;Wagner;0.5;285.1;coin;300
15;no9n2;picture_Chopin2.png;Nocturne Op.9 No.2;Chopin;0.5;287.8;coin;300
16;als;picture_Auld Lang Syne.png;Auld Lang Syne;Robert Burns;0.5;290.5;coin;400
17;Heidenroslein;picture_Heidenroslein.png;Heidenroslein;Schubert;0.5;293.2;coin;400
18;fay;picture_Flower and Youth.png;Flower and Youth;Chinese Folk Music;0.5;295.9;coin;400
19;ts;picture_The Swan.png;The Swan;Saint-Seans;0.25;298.6;coin;400
20;acdll;picture_Au clair de la lune.png;Au clair de la lune;French Folk Music;0.5;301.3;coin;500
21;Spinner;picture_Spinner.png;Spinner;Russian Folk Music;0.5;304;coin;500
22;yd;picture_Yankee Doodle.png;Yankee Doodle;American Folk Music;1;306.7;coin;500
23;Arirang;picture_Arirang.png;Arirang;Korean Folk Music;0.5;309.4;coin;500
24;bwp;picture_Birds Worship Phoenix.png;Birds Worship Phoenix;Chinese Folk Music;0.5;312.1;coin;600
25;cctm;picture_Clouds Chasing The Moon.png;Clouds Chasing The Moon;Chinese Folk Music;0.5;314.8;coin;600
26;cd;picture_Mozart1.png;Country Dances;Mozart;0.5;317.5;coin;600
27;dotlw;picture_Dance of the Little Swans.png;Dance of the Little Swans;Tchaikovsky;0.5;320.2;coin;600
28;dfs5;picture_Die Forelle S.564.png;Die Forelle S.564;Franz Liszt;0.25;322.9;coin;700
29;di;picture_Drei Intermezzi.png;Drei Intermezzi;Johannes Brahms;1;325.6;coin;700
30;Troika;picture_Troika.png;Troika;Russian Folk Music;0.5;328.3;coin;700
31;ec;picture_Espana Cani.png;Espana Cani;Pascual Marquina;0.5;331;coin;700
32;cftsw;picture_Craving for the Spring Wind.png;Craving for the Spring Wind;Yuxian Deng;0.5;333.7;coin;800
33;oadf;picture_Beethoven2.png;Ode An Die Freude;Beethoven;1;336.4;coin;900
34;tbd;picture_The Blue Danube.png;The Blue Danube;Johann Strauss II;1;339.1;coin;800
35;esotf;picture_Evening song of the Fisherman.png;Evening song of the Fisherman;Chinese Folk Music;0.25;341.8;coin;800
36;gva;picture_Gran Vals.png;Gran Vals;Francisco Tarrega;1;344.5;coin;900
37;wm;picture_Wedding March.png;Wedding March;Mendelssohn;0.5;347.2;coin;900
38;Habanera;picture_Habanera.png;Habanera;Bizet;0.25;349.9;coin;900
39;io1n3;picture_Impromptu Op.142 No.3.png;Impromptu Op.142 No.3;Schubert;0.5;352.6;coin;900
40;wwyamc;picture_We Wish You a Merry Christmas.png;We Wish You a Merry Christmas;British carol;0.5;355.3;coin;1000
41;mig;picture_bach2.png;Minuet in G;Bach;0.5;358;coin;1000
42;ag;picture_Amazing Grace.png;Amazing Grace;William Cowper;1;360.7;coin;1000
43;tb;picture_Three Bears.png;Three Bears;Korean Folk Music;1;363.4;coin;1000
44;tm;picture_Mozart1.png;Turkish March;Mozart;0.25;366.1;coin;1100
45;rrv;picture_Red River Valley.png;Red River Valley;Canadian Folk Music;0.5;368.8;coin;1100
46;gdw;picture_Beethoven2.png;Gertrude's dream waltz;Beethoven;0.5;371.5;coin;1100
47;sn;picture_Silent Night.png;Silent Night;Franz Gruber;0.5;374.2;coin;1100
48;Gavotte;picture_Gavotte.png;Gavotte;Francois Joseph Gossec;0.5;376.9;coin;1200
49;vdr;picture_Vals del Recuerdo.png;Vals del Recuerdo;Ravel;1;379.6;coin;1200
50;tp;picture_The Painter.png;The Painter;Polish Folk Music;0.5;382.3;coin;1200
51;sl;picture_Santa Lucia.png;Santa Lucia;Italian Folk Music;0.25;385;coin;1200
52;bc;picture_Bella Ciao.png;Bella Ciao;Italian Folk Music;0.5;387.7;coin;1300
53;Market;picture_Market.png;Market;Gullit;0.5;390.4;coin;1300
54;psn2;picture_Chopin1.png;Piano Sonata No.2;Chopin;0.5;393.1;coin;1300
55;jhgfas;picture_Johnny Has Gone for a Soldier.png;Johnny Has Gone for a Soldier;English Folk Music;0.5;395.8;coin;1300
56;gsd;picture_Golden Snake Dance.png;Golden Snake Dance;Er Nie;0.5;398.5;coin;1400
57;Korobeiniki;picture_Korobeiniki.png;Korobeiniki;Russian Folk Music;0.25;401.2;coin;1400
58;lbifd;picture_london bridge is falling down.png;London Bridge Is Falling Down;Mother Goose;0.5;403.9;coin;1400
59;hcny;picture_Happy Chinese New Year.png;Happy Chinese New Year;Gexin Chen;0.5;406.6;coin;1400
60;sosn;picture_Song of selling newspapers.png;Song of selling newspapers;Er Nie;0.5;409.3;coin;1500
61;lc;picture_La Cucaracha.png;La Cucaracha;Spanish Folk Music;0.25;412;coin;1500
62;awhhoh;picture_Angels we have heard on high.png;Angels we have heard on high;French Folk Music;0.5;414.7;coin;1500
63;twoww;picture_The Whisper Of West Wind.png;The Whisper Of West Wind;Zi Huang;0.5;417.4;coin;1500
64;fe;picture_Beethoven1.png;Fur Elise;Beethoven;0.25;420.1;coin;1600
65;ss;picture_Sakura Sakura.png;Sakura Sakura;Shimizu;0.5;422.8;coin;1600
66;ttg;picture_Thanks to god.png;Thanks to God;August Ludvig Storm;0.5;425.5;coin;1600
67;sd;picture_Spanish Dances.png;Spanish Dances;Shostakovich;0.25;428.2;coin;1600
68;sn4ig;picture_Mozart2.png;Symphony No.40 in g;Mozart;0.5;430.9;coin;1700
69;co;picture_Carmen Overture.png;Carmen Overture;Bizet;0.25;433.6;coin;1700
70;ao;picture_Aloha 'Oe.png;Aloha 'Oe;Liliuokalani;0.5;436.3;coin;1700
71;troan4;picture_Beethoven1.png;The Ruins of Athens No.4;Beethoven;0.5;439;coin;1700
72;lfsk;picture_Mozart2.png;Longing for Spring K596;Mozart;1;441.7;coin;1800
73;ofah;picture_Old Folks at Home.png;Old Folks at Home;American Folk Music;0.5;444.4;coin;1800
74;Loure;picture_bach1.png;Loure;Bach;0.5;447.1;coin;1800
75;hra;picture_Horse Racing.png;Horse Racing;Chinese Folk Music;0.25;449.8;coin;1800
76;pgso44;picture_Peer Gynt Suite Op.46-4.png;Peer Gynt Suite Op.46-4;Grieg;0.5;452.5;coin;1900
77;so31;picture_Sonatina Op.36-1.png;Sonatina Op.36-1;Clementi;0.5;455.2;coin;1900
78;tsm3;picture_Beethoven2.png;Tempest Sonata Mov.3;Beethoven;0.5;457.9;coin;1900
79;er;picture_El Reencuentro.png;El Reencuentro;Raphael;0.5;460.6;coin;1900
80;siemm1;picture_Sonata in E minor Mvt.1.png;Sonata in E minor Mvt.1;Haydn;0.5;463.3;coin;2000
81;Seguidilla;picture_Seguidilla.png;Seguidilla;Bizet;1;466;coin;2000
82;pg;picture_Penguin's Game.png;Penguin's Game;Unknown;0.25;468.7;coin;2000
83;tmb;picture_The music box.png;The music box;Ede Poldini;0.5;471.4;coin;2000
84;dabd;picture_Dolls and Bear Dancing.png;Dolls and Bear Dancing;Polish Folk Music;0.5;474.1;coin;2000
85;lrrh;picture_Little Red Riding Hood.png;Little Red Riding Hood;tonghua;0.5;476.8;coin;2000
86;gs;picture_Green Sleeves.png;Green Sleeves;English Folk Music;0.5;479.5;coin;2000
87;tfn;picture_The First Noel.png;The First Noel;English Folk Music;0.5;482.2;coin;2000
88;ekn;picture_Mozart2.png;Eine Kleine Nachtmusik;Mozart;0.5;484.9;coin;2000
89;fsn4g;picture_French Suite No.4-Gigue.png;French Suite No.4-Gigue;Jacques Offenbach;1;487.6;coin;2000
90;wj;picture_Wilde Jagd.png;Wilde Jagd;Franz Liszt;0.25;490.3;coin;2000
91;wiem;picture_Chopin2.png;Waltz in E minor;Chopin;0.5;493;coin;2000
92;eo5n5;picture_Etude Op.599 No.55.png;Etude Op.599 No.55;Czerny;0.25;495.7;coin;2000
93;la;picture_L'Arlesienne.png;L'Arlesienne;Bizet;0.25;498.4;coin;2000
94;bfda;picture_Bella Figlia Dell'Amore.png;Bella Figlia Dell'Amore;Giuseppe Verdi;0.5;501.1;coin;2000
95;pi;picture_Polka Italienne.png;Polka Italienne;Rachmaninoff;0.25;503.8;coin;2000
96;dvbij;picture_Mozart1.png;Der Vogelfaenger bin ich ja;Mozart;0.25;506.5;coin;2000
97;sigm;picture_Beethoven1.png;Sonatina in G Major;Beethoven;1;509.2;coin;2000
98;ncpnms;picture_Beethoven1.png;Nel cor piu non mi sento;Beethoven;1;511.9;coin;2000
99;sla;picture_Swan Lake.png;Swan Lake;Tchaikovsky;0.5;514.6;coin;2000
100;picmn1;picture_Prelude in C Major No.1.png;Prelude in C Major No.1;J.S. Bach;0.25;517.3;coin;2000
101;lla;picture_Long, Long Ago.png;Long, Long Ago;Thomas Haynes Bayly;0.5;520;coin;2000
102;Minuet;picture_Minuet.png;Minuet;Boccherini;0.5;522.7;coin;2000
103;sicmk;picture_Mozart2.png;Sonata in C Major K545;Mozart;0.25;525.4;coin;2000
104;afdlf;picture_Mozart1.png;Alles fuhlt der Liebe Freuden;Mozart;0.25;528.1;coin;2000
105;sicmm2;picture_Mozart1.png;Sonata in C Major Mvt.2;Mozart;0.25;530.8;coin;2000
106;Polka;picture_Polka.png;Polka;Joseph Kuffner;0.25;533.5;coin;2000
107;hr;picture_Heather Rose.png;Heather Rose;G. Lange;0.5;536.2;coin;2000
108;ls;picture_La Styrienne.png;La Styrienne;F. Burgmuller;0.5;538.9;coin;2000
109;Melody;picture_Melody.png;Melody;Robert Schumann;0.5;541.6;coin;2000
110;so1n2;picture_Sonatina Op.168 No.2.png;Sonatina Op.168 No.2;Diabelli;0.5;544.3;coin;2000
111;bd;picture_Mozart2.png;Bagpipe Dance;Mozart;0.5;547;coin;2000
112;Cancan;picture_Cancan.png;Cancan;Jacques Offenbach;0.5;549.7;coin;2000
113;en2;picture_Etude No.23.png;Etude No.23;Cramer;1;552.4;coin;2000
114;cp;picture_Clarinet Polka.png;Clarinet Polka;Prohaska;0.25;555.1;coin;2000
115;gv;picture_bach2.png;Goldberg Variations;Bach;0.25;557.8;coin;2000
116;ao7n9;picture_Arabesque Op.76 No.9.png;Arabesque Op.76 No.9;Jean Sibelius;0.5;560.5;coin;2000
117;hc;picture_Hunter's Chorus.png;Hunter's Chorus;Weber;0.5;563.2;coin;2000
118;whc;picture_When He cometh.png;When He cometh;George F.Root;0.5;565.9;coin;2000
119;sig;picture_Singing I go.png;Singing I go;William J.Kirkpatrick;1;568.6;coin;2000
120;mfo9;picture_Chopin1.png;Magic Flute Op.9;Mozart;0.5;571.3;coin;2000
121;bcn2;picture_bach1.png;Brandenburg Concerto No.2;Bach;0.25;574;coin;2000
122;sibfmm1;picture_Sonata in E minor Mvt.1.png;Sonata in B-flat Major Mvt.1;Mozart;0.5;576.7;coin;2000
123;fp;picture_Forest Polka.png;Forest Polka;Karl Hans;0.5;579.4;coin;2000
124;bn8;picture_Beyer No.8.png;Beyer No.8;Ferdinand Beyer;0.5;582.1;coin;2000
125;eo1n8;picture_Chopin1.png;Etude Op.10 No.8;Chopin;0.25;584.8;coin;2000
126;Breeze;picture_Breeze.png;Breeze;Chinese Folk Music;0.25;587.5;coin;2000
127;wn3;picture_bach1.png;WTC1 No.3;Bach;0.5;590.2;coin;2000
128;cpo;picture_Csikos Post.png;Csikos Post;Hermann Necke;0.5;592.9;coin;2000
129;tf;picture_The Fountain.png;The Fountain;Carl Bohm;0.25;595.6;coin;2000
130;dth;picture_Deck the Halls.png;Deck the Halls;Ancient Welsh Music;0.5;598.3;coin;2000
131;ram;picture_Rondo A Major.png;Rondo A Major;Johann Baptist Vanhal;0.5;601;coin;2000
132;Spectre;picture_spectre.png;The spectre;Alan Walker;0.5;300;coin;2000
133;Alone;picture_alone.png;Alone;Alan Walker;0.5;300;coin;2000
134;Faded;picture_faded.png;Faded;Alan Walker;0.5;300;level;1
